latitude,longitude,curah_hujan,Penggunaan_Lahan,Jenis_Tanah,Kategori_Curah_Hujan,Ket_Jenis_Tanah,Ket_Penggunaan_Lahan
-7.1936133,107.4802352,2122.59,0.125,0.8571428571428572,0.33333333333333337,Podsolik,Hutan
-7.200885982,107.3936626,2892.42,0.0,0.2857142857142857,0.6666666666666666,Andosol,Perkebunan/Kebun
-7.144968648,107.3722475,3113.85,0.0,0.8571428571428572,0.9999999999999999,Podsolik,Perkebunan/Kebun
-7.152107031,107.343694,3100.48,0.0,0.8571428571428572,0.9999999999999999,Podsolik,Perkebunan/Kebun
-7.167573528,107.3246583,3025.6,0.0,0.8571428571428572,0.9999999999999999,Podsolik,Perkebunan/Kebun
-7.191368138,107.2723101,2808.93,0.75,0.8571428571428572,0.6666666666666666,Podsolik,Sawah Tadah Hujan
-7.192557869,107.2984842,2890.08,0.0,0.8571428571428572,0.6666666666666666,Podsolik,Perkebunan/Kebun
-7.177091372,107.3163302,2980.28,0.0,0.8571428571428572,0.6666666666666666,Podsolik,Perkebunan/Kebun
-7.199696252,107.3544015,2988.34,0.0,0.2857142857142857,0.6666666666666666,Andosol,Perkebunan/Kebun
-7.237911763,107.4867489,2092.5,0.0,0.8571428571428572,0.33333333333333337,Podsolik,Perkebunan/Kebun
-7.230297488,107.4467739,2369.05,0.0,0.8571428571428572,0.33333333333333337,Podsolik,Perkebunan/Kebun
-7.240767116,107.4315454,2465.1,0.0,0.8571428571428572,0.33333333333333337,Podsolik,Perkebunan/Kebun
-7.244574254,107.4515328,2321.4,0.125,0.8571428571428572,0.33333333333333337,Podsolik,Hutan
-7.2112618,107.4743757,2166.66,0.0,0.8571428571428572,0.33333333333333337,Podsolik,Perkebunan/Kebun
-7.204599309,107.4496293,2398.93,0.0,0.8571428571428572,0.33333333333333337,Podsolik,Perkebunan/Kebun
-7.225538566,107.42869,2519.68,0.0,0.8571428571428572,0.6666666666666666,Podsolik,Perkebunan/Kebun
-7.239815332,107.4096543,2602.11,0.125,0.8571428571428572,0.6666666666666666,Podsolik,Hutan
-7.208406447,107.4087025,2746.09,0.0,0.2857142857142857,0.6666666666666666,Andosol,Perkebunan/Kebun
-7.2112618,107.3791972,2885.59,0.0,0.2857142857142857,0.6666666666666666,Andosol,Perkebunan/Kebun
-7.194129681,107.3715829,3007.18,0.0,0.2857142857142857,0.9999999999999999,Andosol,Perkebunan/Kebun
-7.159865442,107.3849079,3082.61,0.0,0.2857142857142857,0.9999999999999999,Andosol,Perkebunan/Kebun
-7.174142208,107.3325598,3043.74,0.0,0.8571428571428572,0.9999999999999999,Podsolik,Perkebunan/Kebun
-7.192226112,107.3106687,2928.41,0.0,0.8571428571428572,0.6666666666666666,Podsolik,Perkebunan/Kebun
-7.160817226,107.331608,3060.81,0.5,0.8571428571428572,0.9999999999999999,Podsolik,Tegalan/Ladang
-7.118938713,107.3354151,2989.88,0.0,0.2857142857142857,0.6666666666666666,Andosol,Perkebunan/Kebun
-7.133215479,107.3544508,3082.93,0.0,0.8571428571428572,0.9999999999999999,Podsolik,Perkebunan/Kebun
-7.126552988,107.3858597,3004.56,0.125,0.2857142857142857,0.9999999999999999,Andosol,Hutan
-7.161769011,107.4505811,2448.39,0.125,0.2857142857142857,0.33333333333333337,Andosol,Hutan
-7.141781538,107.4467739,2491.58,0.0,0.2857142857142857,0.33333333333333337,Andosol,Perkebunan/Kebun
-7.147492245,107.4696167,2294.61,0.125,0.2857142857142857,0.33333333333333337,Andosol,Hutan
-7.185563621,107.4439186,2498.78,0.0,0.2857142857142857,0.33333333333333337,Andosol,Perkebunan/Kebun
-7.174142208,107.4163168,2805.46,0.125,0.2857142857142857,0.6666666666666666,Andosol,Hutan
-7.15510652,107.4182204,2823.57,0.125,0.2857142857142857,0.6666666666666666,Andosol,Hutan
-7.177949346,107.4001365,2940.31,0.0,0.2857142857142857,0.6666666666666666,Andosol,Perkebunan/Kebun
-7.215068937,107.4382079,2482.95,0.125,0.8571428571428572,0.33333333333333337,Podsolik,Hutan
-7.177331,107.488827,2073.14,0.125,0.2857142857142857,0.33333333333333337,Andosol,Hutan
-7.137758,107.344087,3076.89,0.0,0.8571428571428572,0.9999999999999999,Podsolik,Perkebunan/Kebun
-7.143685107,107.3363669,3066.55,0.0,0.8571428571428572,0.9999999999999999,Podsolik,Perkebunan/Kebun
-7.220301213,107.4909933,2027.5,0.0,0.8571428571428572,0.33333333333333337,Podsolik,Perkebunan/Kebun
-7.148917383,107.4886138,2151.68,0.0,0.2857142857142857,0.33333333333333337,Andosol,Perkebunan/Kebun
-7.16438388,107.479096,2176.51,0.125,0.2857142857142857,0.33333333333333337,Andosol,Hutan
-7.182229837,107.4677935,2254.58,0.125,0.2857142857142857,0.33333333333333337,Andosol,Hutan
-7.195911738,107.4630346,2273.54,0.125,0.8571428571428572,0.33333333333333337,Podsolik,Hutan
-7.225060135,107.4671987,2214.18,0.125,0.8571428571428572,0.33333333333333337,Podsolik,Hutan
-7.23457798,107.4725525,2183.96,0.125,0.8571428571428572,0.33333333333333337,Podsolik,Hutan
-7.197696334,107.4297222,2612.39,0.0,0.2857142857142857,0.6666666666666666,Andosol,Perkebunan/Kebun
-7.179850376,107.4202043,2769.74,0.125,0.2857142857142857,0.6666666666666666,Andosol,Hutan
-7.169142802,107.4291273,2682.91,0.125,0.2857142857142857,0.6666666666666666,Andosol,Hutan
-7.151296844,107.4380503,2601.02,0.125,0.2857142857142857,0.6666666666666666,Andosol,Hutan
-7.095974376,107.4909933,2260.46,0.75,0.5714285714285714,0.33333333333333337,Latosol,Sawah Tadah Hujan
-7.112035738,107.4838549,2261.7,0.75,0.8571428571428572,0.33333333333333337,Podsolik,Sawah Tadah Hujan
-7.231528304,107.3567679,2819.72,0.0,0.2857142857142857,0.6666666666666666,Andosol,Perkebunan/Kebun
-7.234102,107.378808,2763.71,0.125,0.2857142857142857,0.6666666666666666,Andosol,Hutan
-7.213682346,107.3597422,2911.56,0.0,0.2857142857142857,0.6666666666666666,Andosol,Perkebunan/Kebun
-7.220225864,107.3698549,2861.81,0.0,0.2857142857142857,0.6666666666666666,Andosol,Perkebunan/Kebun
-7.220225864,107.3478449,2885.56,0.125,0.2857142857142857,0.6666666666666666,Andosol,Hutan
-7.181559623,107.3299989,3018.0,0.0,0.8571428571428572,0.9999999999999999,Podsolik,Perkebunan/Kebun
-7.195836389,107.3288092,2967.58,0.0,0.8571428571428572,0.6666666666666666,Podsolik,Perkebunan/Kebun
-7.195241523,107.3424911,2996.22,0.5,0.2857142857142857,0.6666666666666666,Andosol,Tegalan/Ladang
-7.185723679,107.3448706,3039.92,0.0,0.8571428571428572,0.9999999999999999,Podsolik,Perkebunan/Kebun
-7.176219,107.355799,3091.95,0.0,0.2857142857142857,0.9999999999999999,Andosol,Perkebunan/Kebun
-7.179897999,107.36732,3077.9,0.0,0.2857142857142857,0.9999999999999999,Andosol,Perkebunan/Kebun
-7.185723679,107.3811574,3020.51,0.0,0.2857142857142857,0.9999999999999999,Andosol,Perkebunan/Kebun
-7.166687991,107.3817522,3086.42,0.0,0.2857142857142857,0.9999999999999999,Andosol,Perkebunan/Kebun
-7.165498261,107.3710446,3115.88,0.125,0.2857142857142857,0.9999999999999999,Andosol,Hutan
-7.148247168,107.3662857,3124.74,0.0,0.8571428571428572,0.9999999999999999,Podsolik,Perkebunan/Kebun
-7.153441,107.34765,3111.57,0.0,0.8571428571428572,0.9999999999999999,Podsolik,Perkebunan/Kebun
-7.133970402,107.3716395,3080.1,0.0,0.2857142857142857,0.9999999999999999,Andosol,Perkebunan/Kebun
-7.149436899,107.3894855,3059.44,0.125,0.2857142857142857,0.9999999999999999,Andosol,Hutan
-7.138134459,107.3835368,3059.71,0.125,0.2857142857142857,0.9999999999999999,Andosol,Hutan
-7.121478232,107.3537936,3028.63,0.0,0.2857142857142857,0.9999999999999999,Andosol,Perkebunan/Kebun
-7.132185807,107.3317835,3024.34,0.125,0.8571428571428572,0.9999999999999999,Podsolik,Hutan
-7.145867707,107.32524,3025.8,0.0,0.8571428571428572,0.9999999999999999,Podsolik,Perkebunan/Kebun
-7.126832019,107.3234554,2985.44,0.125,0.2857142857142857,0.6666666666666666,Andosol,Hutan
-7.117314175,107.3204811,2937.79,0.125,0.2857142857142857,0.6666666666666666,Andosol,Hutan
-7.180964757,107.3050146,2929.82,0.0,0.8571428571428572,0.6666666666666666,Podsolik,Perkebunan/Kebun
-7.169067452,107.3091787,2969.5,0.0,0.8571428571428572,0.6666666666666666,Podsolik,Perkebunan/Kebun
-7.183344218,107.2889532,2877.67,0.0,0.8571428571428572,0.6666666666666666,Podsolik,Perkebunan/Kebun
-7.193456928,107.2853841,2848.34,0.0,0.8571428571428572,0.6666666666666666,Podsolik,Perkebunan/Kebun
-7.19940558,107.2746765,2802.72,0.0,0.8571428571428572,0.6666666666666666,Podsolik,Perkebunan/Kebun
-7.202974772,107.294307,2850.9,0.0,0.8571428571428572,0.6666666666666666,Podsolik,Perkebunan/Kebun
-7.19821585,107.3079889,2906.4,0.0,0.8571428571428572,0.6666666666666666,Podsolik,Perkebunan/Kebun
-7.206543963,107.3448706,2953.2,0.125,0.2857142857142857,0.6666666666666666,Andosol,Hutan
-7.202974772,107.3639063,2962.28,0.0,0.2857142857142857,0.6666666666666666,Andosol,Perkebunan/Kebun
-7.193456928,107.4022751,2858.23,0.0,0.2857142857142857,0.6666666666666666,Andosol,Perkebunan/Kebun
-7.19238617,107.4094135,2819.95,0.0,0.2857142857142857,0.6666666666666666,Andosol,Perkebunan/Kebun
-7.210589047,107.420478,2641.78,0.0,0.2857142857142857,0.6666666666666666,Andosol,Perkebunan/Kebun
-7.222724298,107.4029889,2717.65,0.125,0.2857142857142857,0.6666666666666666,Andosol,Hutan
-7.229505762,107.3926383,2730.33,0.125,0.2857142857142857,0.6666666666666666,Andosol,Hutan
-7.230933438,107.4136965,2618.81,0.125,0.8571428571428572,0.6666666666666666,Podsolik,Hutan
-7.222724298,107.4161949,2638.79,0.0,0.8571428571428572,0.6666666666666666,Podsolik,Perkebunan/Kebun
-7.213801319,107.3933521,2815.5,0.0,0.2857142857142857,0.6666666666666666,Andosol,Perkebunan/Kebun
-7.253062426,107.420121,2504.88,1.0,0.8571428571428572,0.6666666666666666,Podsolik,Permukiman
-7.248422477,107.4083427,2571.51,0.125,0.8571428571428572,0.6666666666666666,Podsolik,Hutan
-7.24306869,107.4215487,2524.08,0.0,0.8571428571428572,0.6666666666666666,Podsolik,Perkebunan/Kebun
-7.235930307,107.4215487,2543.94,0.0,0.8571428571428572,0.6666666666666666,Podsolik,Perkebunan/Kebun
-7.231290358,107.4383239,2442.12,0.0,0.8571428571428572,0.33333333333333337,Podsolik,Perkebunan/Kebun
-7.225222732,107.44689,2375.77,0.125,0.8571428571428572,0.33333333333333337,Podsolik,Hutan
-7.216656672,107.4604529,2287.14,0.125,0.8571428571428572,0.33333333333333337,Podsolik,Hutan
-7.215228996,107.4529576,2340.5,0.125,0.8571428571428572,0.33333333333333337,Podsolik,Hutan
-7.2302196,107.4572406,2290.54,0.125,0.8571428571428572,0.33333333333333337,Podsolik,Hutan
-7.23878566,107.4604529,2270.06,0.125,0.8571428571428572,0.33333333333333337,Podsolik,Hutan
-7.245567124,107.469019,2201.53,0.125,0.8571428571428572,0.33333333333333337,Podsolik,Hutan
-7.245567124,107.4800835,2139.27,0.125,0.8571428571428572,0.33333333333333337,Podsolik,Hutan
-7.232718034,107.481868,2111.9,0.0,0.8571428571428572,0.33333333333333337,Podsolik,Perkebunan/Kebun
-7.228435004,107.4936464,2025.77,0.125,0.2857142857142857,0.33333333333333337,Andosol,Hutan
-7.20916137,107.490791,2033.19,0.125,0.8571428571428572,0.33333333333333337,Podsolik,Hutan
-7.221296621,107.4829388,2088.34,0.0,0.8571428571428572,0.33333333333333337,Podsolik,Perkebunan/Kebun
-7.223081217,107.4765143,2150.15,0.0,0.8571428571428572,0.33333333333333337,Podsolik,Perkebunan/Kebun
-7.213801319,107.4693759,2200.73,0.125,0.8571428571428572,0.33333333333333337,Podsolik,Hutan
-7.207376774,107.464379,2259.11,0.125,0.8571428571428572,0.33333333333333337,Podsolik,Hutan
-7.202022987,107.4743727,2171.49,0.125,0.8571428571428572,0.33333333333333337,Podsolik,Hutan
-7.205949098,107.4804404,2115.74,0.0,0.8571428571428572,0.33333333333333337,Podsolik,Perkebunan/Kebun
-7.192029251,107.4729451,2181.15,0.125,0.8571428571428572,0.33333333333333337,Podsolik,Hutan
-7.180250919,107.4729451,2198.96,0.125,0.2857142857142857,0.33333333333333337,Andosol,Hutan
-7.174540213,107.4647359,2288.14,0.125,0.2857142857142857,0.33333333333333337,Andosol,Hutan
-7.187389302,107.4572406,2346.77,0.125,0.8571428571428572,0.33333333333333337,Podsolik,Hutan
-7.195598442,107.4526007,2374.0,0.125,0.8571428571428572,0.33333333333333337,Podsolik,Hutan
-7.20095223,107.4386808,2501.98,0.0,0.2857142857142857,0.6666666666666666,Andosol,Perkebunan/Kebun
-7.208447532,107.4340409,2542.3,1.0,0.8571428571428572,0.6666666666666666,Podsolik,Permukiman
-7.214158238,107.4308286,2541.42,0.0,0.8571428571428572,0.6666666666666666,Podsolik,Perkebunan/Kebun
-7.218798187,107.4265456,2561.99,0.125,0.8571428571428572,0.6666666666666666,Podsolik,Hutan
-7.241641013,107.4426069,2378.8,0.0,0.8571428571428572,0.33333333333333337,Podsolik,Perkebunan/Kebun
-7.253419345,107.4426069,2363.54,0.125,0.8571428571428572,0.33333333333333337,Podsolik,Hutan
-7.252348587,107.4526007,2301.61,0.125,0.8571428571428572,0.33333333333333337,Podsolik,Hutan
-7.245924043,107.4615237,2253.35,0.125,0.8571428571428572,0.33333333333333337,Podsolik,Hutan
-7.200595311,107.4244041,2644.04,0.0,0.2857142857142857,0.6666666666666666,Andosol,Perkebunan/Kebun
-7.194884604,107.4176226,2733.38,0.0,0.2857142857142857,0.6666666666666666,Andosol,Perkebunan/Kebun
-7.202022987,107.4083427,2774.59,0.5,0.2857142857142857,0.6666666666666666,Andosol,Tegalan/Ladang
-7.205949098,107.4008474,2811.99,0.0,0.2857142857142857,0.6666666666666666,Andosol,Perkebunan/Kebun
-7.190244655,107.4301148,2637.39,0.125,0.2857142857142857,0.6666666666666666,Andosol,Hutan
-7.182035515,107.4311855,2637.7,0.125,0.2857142857142857,0.6666666666666666,Andosol,Hutan
-7.17561097,107.4376101,2584.09,0.125,0.2857142857142857,0.6666666666666666,Andosol,Hutan
-7.174183293,107.4526007,2412.15,0.125,0.2857142857142857,0.33333333333333337,Andosol,Hutan
-7.181678596,107.4522438,2420.39,0.0,0.2857142857142857,0.33333333333333337,Andosol,Perkebunan/Kebun
-7.180964757,107.4593821,2336.06,0.125,0.2857142857142857,0.33333333333333337,Andosol,Hutan
-7.1966692,107.4458192,2455.94,0.0,0.8571428571428572,0.33333333333333337,Podsolik,Perkebunan/Kebun
-7.191672332,107.4397516,2527.66,0.0,0.2857142857142857,0.6666666666666666,Andosol,Perkebunan/Kebun
-7.184533949,107.4383239,2567.99,0.0,0.2857142857142857,0.6666666666666666,Andosol,Perkebunan/Kebun
-7.177752485,107.4436777,2514.24,0.0,0.2857142857142857,0.6666666666666666,Andosol,Perkebunan/Kebun
-7.163475719,107.4443915,2532.67,0.125,0.2857142857142857,0.6666666666666666,Andosol,Hutan
-7.165617234,107.4386808,2575.26,0.125,0.2857142857142857,0.6666666666666666,Andosol,Hutan
-7.170971021,107.4458192,2501.67,0.0,0.2857142857142857,0.6666666666666666,Andosol,Perkebunan/Kebun
-7.153838902,107.4493884,2474.15,0.0,0.2857142857142857,0.33333333333333337,Andosol,Perkebunan/Kebun
-7.139205217,107.4411793,2547.9,0.0,0.2857142857142857,0.6666666666666666,Andosol,Perkebunan/Kebun
-7.122786936,107.4458192,2483.17,0.75,0.2857142857142857,0.33333333333333337,Andosol,Sawah Tadah Hujan
-7.132729001,107.449596,2465.89,0.5,0.2857142857142857,0.33333333333333337,Andosol,Tegalan/Ladang
-7.1295684,107.4440346,2512.33,0.75,0.2857142857142857,0.6666666666666666,Andosol,Sawah Tadah Hujan
-7.133929,107.43403,2615.84,0.75,0.2857142857142857,0.6666666666666666,Andosol,Sawah Tadah Hujan
-7.12528537,107.4279733,2649.58,0.75,0.0,0.6666666666666666,Regosol,Sawah Tadah Hujan
-7.136706783,107.424761,2708.51,0.75,0.0,0.6666666666666666,Regosol,Sawah Tadah Hujan
-7.135636025,107.4194072,2764.96,0.75,0.0,0.6666666666666666,Regosol,Sawah Tadah Hujan
-7.143845166,107.4126257,2849.39,0.0,0.0,0.6666666666666666,Regosol,Perkebunan/Kebun
-7.151697387,107.4058443,2940.99,0.125,0.0,0.6666666666666666,Regosol,Hutan
-7.152411225,107.4151242,2843.76,0.125,0.0,0.6666666666666666,Regosol,Hutan
-7.147414357,107.4215487,2772.72,0.0,0.2857142857142857,0.6666666666666666,Andosol,Perkebunan/Kebun
-7.147213001,107.428273,2707.12,0.125,0.2857142857142857,0.6666666666666666,Andosol,Hutan
-7.139562136,107.4286871,2671.27,0.75,0.2857142857142857,0.6666666666666666,Andosol,Sawah Tadah Hujan
-7.130282238,107.4229764,2710.62,0.75,0.0,0.6666666666666666,Regosol,Sawah Tadah Hujan
-7.135992944,107.4140534,2825.61,0.0,0.0,0.6666666666666666,Regosol,Perkebunan/Kebun
-7.140275974,107.4090565,2878.1,0.0,0.0,0.6666666666666666,Regosol,Perkebunan/Kebun
-7.15931,107.409173,2905.52,0.125,0.2857142857142857,0.6666666666666666,Andosol,Hutan
-7.167758749,107.4086996,2896.93,0.125,0.2857142857142857,0.6666666666666666,Andosol,Hutan
-7.170971021,107.4029889,2942.12,0.125,0.2857142857142857,0.6666666666666666,Andosol,Hutan
-7.178823242,107.4079858,2883.96,0.125,0.2857142857142857,0.6666666666666666,Andosol,Hutan
-7.184890868,107.415838,2790.03,0.0,0.2857142857142857,0.6666666666666666,Andosol,Perkebunan/Kebun
-7.189887736,107.4236902,2698.31,0.0,0.2857142857142857,0.6666666666666666,Andosol,Perkebunan/Kebun
-7.176681727,107.4272594,2690.34,0.125,0.2857142857142857,0.6666666666666666,Andosol,Hutan
-7.16704491,107.4208349,2773.92,0.125,0.2857142857142857,0.6666666666666666,Andosol,Hutan
-7.157408093,107.4283302,2713.92,0.125,0.2857142857142857,0.6666666666666666,Andosol,Hutan
-7.155623498,107.4340409,2646.49,0.125,0.2857142857142857,0.6666666666666666,Andosol,Hutan
-7.159549608,107.4401085,2579.27,0.125,0.2857142857142857,0.6666666666666666,Andosol,Hutan
-7.152054306,107.4436777,2536.65,0.125,0.2857142857142857,0.6666666666666666,Andosol,Hutan
-7.148128195,107.4483176,2494.56,0.0,0.2857142857142857,0.33333333333333337,Andosol,Perkebunan/Kebun
-7.235930307,107.3972782,2682.08,0.125,0.8571428571428572,0.6666666666666666,Podsolik,Hutan
-7.235216468,107.402632,2660.71,0.125,0.8571428571428572,0.6666666666666666,Podsolik,Hutan
-7.231290358,107.402632,2669.85,0.125,0.8571428571428572,0.6666666666666666,Podsolik,Hutan
-7.220939702,107.3944229,2772.68,0.125,0.2857142857142857,0.6666666666666666,Andosol,Hutan
-7.22201046,107.389426,2790.63,0.125,0.2857142857142857,0.6666666666666666,Andosol,Hutan
-7.236644145,107.3854999,2733.01,0.125,0.2857142857142857,0.6666666666666666,Andosol,Hutan
-7.242354851,107.3940659,2663.6,0.125,0.8571428571428572,0.6666666666666666,Podsolik,Hutan
-7.243782528,107.4015612,2627.2,0.125,0.8571428571428572,0.6666666666666666,Podsolik,Hutan
-7.183106272,107.490791,2044.61,0.125,0.2857142857142857,0.33333333333333337,Andosol,Hutan
-7.161513625,107.3810691,3097.21,0.0,0.2857142857142857,0.9999999999999999,Andosol,Perkebunan/Kebun
-7.157944433,107.3753584,3118.51,0.0,0.2857142857142857,0.9999999999999999,Andosol,Perkebunan/Kebun
-7.145452263,107.3878506,3063.65,0.125,0.2857142857142857,0.9999999999999999,Andosol,Hutan
-7.140069,107.394685,2997.11,0.0,0.2857142857142857,0.6666666666666666,Andosol,Perkebunan/Kebun
-7.154375242,107.3935613,3038.21,0.125,0.0,0.9999999999999999,Regosol,Hutan
-7.16793817,107.390349,3038.33,0.0,0.2857142857142857,0.9999999999999999,Andosol,Perkebunan/Kebun
-7.183642612,107.385709,3013.77,0.0,0.2857142857142857,0.9999999999999999,Andosol,Perkebunan/Kebun
-7.196848621,107.3828537,2961.8,0.0,0.2857142857142857,0.6666666666666666,Andosol,Perkebunan/Kebun
-7.20148857,107.3810691,2936.01,0.0,0.2857142857142857,0.6666666666666666,Andosol,Perkebunan/Kebun
-7.208270034,107.3764291,2914.79,0.0,0.2857142857142857,0.6666666666666666,Andosol,Perkebunan/Kebun
-7.224331396,107.3714323,2839.5,0.125,0.2857142857142857,0.6666666666666666,Andosol,Hutan
-7.231469779,107.37286,2791.24,0.125,0.2857142857142857,0.6666666666666666,Andosol,Hutan
-7.236109728,107.3735738,2770.32,0.125,0.2857142857142857,0.6666666666666666,Andosol,Hutan
-7.220048366,107.3803553,2833.26,0.125,0.2857142857142857,0.6666666666666666,Andosol,Hutan
-7.198990136,107.3650077,2984.02,0.0,0.2857142857142857,0.6666666666666666,Andosol,Perkebunan/Kebun
-7.18863948,107.3528725,3043.24,0.0,0.2857142857142857,0.9999999999999999,Andosol,Perkebunan/Kebun
-7.183285693,107.3493033,3054.21,0.0,0.2857142857142857,0.9999999999999999,Andosol,Perkebunan/Kebun
-7.169722765,107.3468049,3091.65,0.0,0.8571428571428572,0.9999999999999999,Podsolik,Perkebunan/Kebun
-7.147236859,107.3543002,3118.48,0.0,0.8571428571428572,0.9999999999999999,Podsolik,Perkebunan/Kebun
-7.14259691,107.3578693,3116.34,0.0,0.8571428571428572,0.9999999999999999,Podsolik,Perkebunan/Kebun
-7.135815446,107.3664354,3093.13,0.0,0.8571428571428572,0.9999999999999999,Podsolik,Perkebunan/Kebun
-7.128677063,107.3739307,3052.97,0.125,0.2857142857142857,0.9999999999999999,Andosol,Hutan
-7.121803,107.367487,3025.21,0.0,0.2857142857142857,0.9999999999999999,Andosol,Perkebunan/Kebun
-7.126178629,107.3510879,3053.37,0.0,0.2857142857142857,0.9999999999999999,Andosol,Perkebunan/Kebun
-7.134184,107.351033,3077.14,0.0,0.8571428571428572,0.9999999999999999,Podsolik,Perkebunan/Kebun
-7.129033982,107.3471618,3054.69,0.0,0.2857142857142857,0.9999999999999999,Andosol,Perkebunan/Kebun
-7.122252518,107.3446633,3025.29,0.0,0.2857142857142857,0.9999999999999999,Andosol,Perkebunan/Kebun
-7.127249386,107.3278881,2998.62,0.125,0.2857142857142857,0.6666666666666666,Andosol,Hutan
-7.1646934,107.3586752,3118.86,0.0,0.8571428571428572,0.9999999999999999,Podsolik,Perkebunan/Kebun
-7.151876808,107.385709,3082.57,0.0,0.2857142857142857,0.9999999999999999,Andosol,Perkebunan/Kebun
-7.135436,107.397823,2967.62,0.0,0.2857142857142857,0.6666666666666666,Andosol,Perkebunan/Kebun
-7.129689,107.408796,2839.51,0.125,0.0,0.6666666666666666,Regosol,Hutan
-7.122609438,107.4106934,2792.15,0.0,0.0,0.6666666666666666,Regosol,Perkebunan/Kebun
-7.113686459,107.4139057,2720.62,0.0,0.0,0.6666666666666666,Regosol,Perkebunan/Kebun
-7.102621965,107.4146195,2647.95,0.125,0.2857142857142857,0.6666666666666666,Andosol,Hutan
-7.09619742,107.4196164,2585.86,0.0,0.8571428571428572,0.6666666666666666,Podsolik,Perkebunan/Kebun
-7.087631361,107.4310378,2463.61,0.0,0.0,0.33333333333333337,Regosol,Perkebunan/Kebun
-7.086560603,107.4449576,2391.17,0.625,0.0,0.33333333333333337,Regosol,Sawah
-7.095483582,107.4338931,2481.61,1.0,0.0,0.33333333333333337,Regosol,Permukiman
-7.122557,107.421504,2698.76,0.75,0.0,0.6666666666666666,Regosol,Sawah Tadah Hujan
-7.118061952,107.4290626,2608.16,0.75,0.0,0.6666666666666666,Regosol,Sawah Tadah Hujan
-7.119141999,107.43208,2590.39,0.75,0.0,0.6666666666666666,Regosol,Sawah Tadah Hujan
-7.1204921,107.4401697,2527.76,1.0,0.0,0.6666666666666666,Regosol,Permukiman
-7.126535548,107.4549514,2411.46,0.5,0.2857142857142857,0.33333333333333337,Andosol,Tegalan/Ladang
-7.119041001,107.459132,2377.24,0.0,0.8571428571428572,0.33333333333333337,Podsolik,Perkebunan/Kebun
-7.124438,107.47321,2294.3,0.75,0.2857142857142857,0.33333333333333337,Andosol,Sawah Tadah Hujan
-7.140098476,107.4852895,2195.56,0.0,0.2857142857142857,0.33333333333333337,Andosol,Perkebunan/Kebun
-7.13831388,107.4920709,2158.25,0.75,0.2857142857142857,0.33333333333333337,Andosol,Sawah Tadah Hujan
-7.101639,107.479454,2285.88,0.0,0.8571428571428572,0.33333333333333337,Podsolik,Perkebunan/Kebun
-7.1002023,107.4706433,2317.37,1.0,0.0,0.33333333333333337,Regosol,Permukiman
-7.080481,107.479264,2289.31,0.625,0.0,0.33333333333333337,Regosol,Sawah
-7.077721001,107.447778,2364.52,0.625,0.0,0.33333333333333337,Regosol,Sawah
-7.116165,107.463096,2352.24,0.75,0.8571428571428572,0.33333333333333337,Podsolik,Sawah Tadah Hujan
-7.162227463,107.4942125,2066.34,0.125,0.2857142857142857,0.33333333333333337,Andosol,Hutan
-7.159729029,107.4895725,2104.34,0.125,0.2857142857142857,0.33333333333333337,Andosol,Hutan
-7.184229755,107.5614146,1729.27,1.0,0.2857142857142857,0.0,Andosol,Permukiman
-7.1640453,107.6030197,1900.05,0.0,0.2857142857142857,0.0,Andosol,Perkebunan/Kebun
-7.141399457,107.5495173,1911.52,0.5,0.2857142857142857,0.0,Andosol,Tegalan/Ladang
-7.171142719,107.53762,1770.35,0.0,0.2857142857142857,0.0,Andosol,Perkebunan/Kebun
-7.17352218,107.5721222,1771.37,0.5,0.2857142857142857,0.0,Andosol,Tegalan/Ladang
-7.197316791,107.6078141,1870.97,0.5,0.2857142857142857,0.0,Andosol,Tegalan/Ladang
-7.108087003,107.6446958,2100.38,0.0,0.2857142857142857,0.33333333333333337,Andosol,Perkebunan/Kebun
-7.097379428,107.599486,2114.09,0.75,0.2857142857142857,0.33333333333333337,Andosol,Sawah Tadah Hujan
-7.240147089,107.5661736,1856.95,0.0,0.2857142857142857,0.0,Andosol,Perkebunan/Kebun
-7.21873194,107.6316087,1953.01,0.125,0.2857142857142857,0.0,Andosol,Hutan
-7.247285472,107.5990894,1916.25,0.0,0.2857142857142857,0.0,Andosol,Perkebunan/Kebun
-7.1692579,107.6692015,2049.37,0.5,0.2857142857142857,0.33333333333333337,Andosol,Tegalan/Ladang
-7.191368138,107.6371608,1970.27,0.125,0.2857142857142857,0.0,Andosol,Hutan
-7.2300348,107.6643743,2021.18,0.0,0.2857142857142857,0.33333333333333337,Andosol,Perkebunan/Kebun
-7.15510652,107.5305309,1871.82,0.125,0.2857142857142857,0.0,Andosol,Hutan
-7.159865442,107.5590845,1800.35,0.75,0.2857142857142857,0.0,Andosol,Sawah Tadah Hujan
-7.205551093,107.5543256,1743.21,0.5,0.2857142857142857,0.0,Andosol,Tegalan/Ladang
-7.219827859,107.539097,1801.3,0.0,0.2857142857142857,0.0,Andosol,Perkebunan/Kebun
-7.238863547,107.5067363,1978.76,0.125,0.2857142857142857,0.0,Andosol,Hutan
-7.160817226,107.4981703,2035.62,0.125,0.2857142857142857,0.33333333333333337,Andosol,Hutan
-7.153202951,107.5448077,1842.31,0.125,0.2857142857142857,0.0,Andosol,Hutan
-7.097999456,107.503881,2231.9,0.0,0.5714285714285714,0.33333333333333337,Latosol,Perkebunan/Kebun
-7.090385181,107.5229167,2216.77,0.125,0.5714285714285714,0.33333333333333337,Latosol,Hutan
-7.079915552,107.5467113,2198.8,0.5,0.5714285714285714,0.33333333333333337,Latosol,Tegalan/Ladang
-7.129408341,107.622854,2044.0,0.125,0.2857142857142857,0.33333333333333337,Andosol,Hutan
-7.126552988,107.6047701,2024.52,0.125,0.2857142857142857,0.33333333333333337,Andosol,Hutan
-7.150347598,107.6123844,1969.99,0.125,0.2857142857142857,0.0,Andosol,Hutan
-7.154154736,107.6409379,2024.24,0.125,0.2857142857142857,0.33333333333333337,Andosol,Hutan
-7.167479717,107.6257094,1962.46,0.0,0.2857142857142857,0.0,Andosol,Perkebunan/Kebun
-7.175093992,107.649504,2011.77,0.5,0.2857142857142857,0.33333333333333337,Andosol,Tegalan/Ladang
-7.127504772,107.6409379,2068.67,0.125,0.2857142857142857,0.33333333333333337,Andosol,Hutan
-7.129408341,107.6961414,2087.87,0.625,0.2857142857142857,0.33333333333333337,Andosol,Sawah
-7.154154736,107.6809129,2070.34,1.0,0.2857142857142857,0.33333333333333337,Andosol,Permukiman
-7.153202951,107.7094664,2081.52,0.125,0.2857142857142857,0.33333333333333337,Andosol,Hutan
-7.166527933,107.6904307,2069.89,0.625,0.2857142857142857,0.33333333333333337,Andosol,Sawah
-7.191274327,107.676154,2043.86,0.0,0.2857142857142857,0.33333333333333337,Andosol,Perkebunan/Kebun
-7.209358231,107.6637808,2020.58,0.0,0.2857142857142857,0.33333333333333337,Andosol,Perkebunan/Kebun
-7.252188529,107.6476004,2007.5,0.0,0.2857142857142857,0.33333333333333337,Andosol,Perkebunan/Kebun
-7.236753,107.497716,2016.74,0.125,0.2857142857142857,0.33333333333333337,Andosol,Hutan
-7.229385,107.505296,1958.33,0.125,0.2857142857142857,0.0,Andosol,Hutan
-7.178414,107.523331,1809.99,0.0,0.2857142857142857,0.0,Andosol,Perkebunan/Kebun
-7.180311001,107.525014,1805.7,0.0,0.2857142857142857,0.0,Andosol,Perkebunan/Kebun
-7.27407957,107.676154,2051.74,1.0,0.2857142857142857,0.33333333333333337,Andosol,Permukiman
-7.292163474,107.6799611,2063.86,0.0,0.2857142857142857,0.33333333333333337,Andosol,Perkebunan/Kebun
-7.271224217,107.7180325,2076.2,0.125,0.0,0.33333333333333337,Regosol,Hutan
-7.237354983,107.7061463,2065.18,0.125,0.0,0.33333333333333337,Regosol,Hutan
-7.241718901,107.6809129,2043.8,0.0,0.0,0.33333333333333337,Regosol,Perkebunan/Kebun
-7.096695065,107.6156961,2116.03,0.0,0.2857142857142857,0.33333333333333337,Andosol,Perkebunan/Kebun
-7.104831,107.596719,2090.88,0.75,0.2857142857142857,0.33333333333333337,Andosol,Sawah Tadah Hujan
-7.111952457,107.5975188,2071.64,0.75,0.2857142857142857,0.33333333333333337,Andosol,Sawah Tadah Hujan
-7.120034,107.610336,2057.09,0.125,0.2857142857142857,0.33333333333333337,Andosol,Hutan
-7.104581,107.622393,2100.54,0.125,0.2857142857142857,0.33333333333333337,Andosol,Hutan
-7.101786,107.620299,2108.0,0.0,0.2857142857142857,0.33333333333333337,Andosol,Perkebunan/Kebun
-7.117134999,107.607718,2059.37,0.0,0.2857142857142857,0.33333333333333337,Andosol,Perkebunan/Kebun
-7.127181007,107.6117955,2032.94,0.125,0.2857142857142857,0.33333333333333337,Andosol,Hutan
-7.14288545,107.6117955,1982.97,0.125,0.2857142857142857,0.0,Andosol,Hutan
-7.148798984,107.6028174,1943.29,0.125,0.2857142857142857,0.0,Andosol,Hutan
-7.151451509,107.5944255,1913.66,0.0,0.2857142857142857,0.0,Andosol,Perkebunan/Kebun
-7.135748923,107.5830949,1958.13,0.75,0.2857142857142857,0.0,Andosol,Sawah Tadah Hujan
-7.121470301,107.578721,2022.39,0.75,0.2857142857142857,0.33333333333333337,Andosol,Sawah Tadah Hujan
-7.098224,107.580654,2110.26,1.0,0.5714285714285714,0.33333333333333337,Latosol,Permukiman
-7.081836,107.583946,2153.25,0.75,0.5714285714285714,0.33333333333333337,Latosol,Sawah Tadah Hujan
-7.0879199,107.5977567,2134.31,1.0,0.2857142857142857,0.33333333333333337,Andosol,Permukiman
-7.097623,107.595565,2114.04,0.75,0.2857142857142857,0.33333333333333337,Andosol,Sawah Tadah Hujan
-7.117187271,107.5758657,2040.11,0.75,0.2857142857142857,0.33333333333333337,Andosol,Sawah Tadah Hujan
-7.085064547,107.5380322,2202.94,0.5,0.5714285714285714,0.33333333333333337,Latosol,Tegalan/Ladang
-7.11052478,107.5370805,2112.96,0.5,0.5714285714285714,0.33333333333333337,Latosol,Tegalan/Ladang
-7.126705115,107.5342251,2031.05,0.125,0.2857142857142857,0.33333333333333337,Andosol,Hutan
-7.137650635,107.5418394,1948.11,0.125,0.2857142857142857,0.0,Andosol,Hutan
-7.137174743,107.5465983,1940.6,0.0,0.2857142857142857,0.0,Andosol,Perkebunan/Kebun
-7.14819,107.557182,1867.35,0.0,0.2857142857142857,0.0,Andosol,Perkebunan/Kebun
-7.154927999,107.539887,1839.22,0.125,0.2857142857142857,0.0,Andosol,Hutan
-7.147845469,107.5193241,1962.77,0.125,0.2857142857142857,0.0,Andosol,Hutan
-7.154782755,107.5063854,2003.02,0.0,0.2857142857142857,0.33333333333333337,Andosol,Perkebunan/Kebun
-7.129703001,107.506527,2124.04,0.0,0.2857142857142857,0.33333333333333337,Andosol,Perkebunan/Kebun
-7.112904241,107.5142376,2162.4,0.125,0.5714285714285714,0.33333333333333337,Latosol,Hutan
-7.131704769,107.5536037,1971.06,0.0,0.2857142857142857,0.0,Andosol,Perkebunan/Kebun
-7.149785887,107.5718206,1866.16,0.0,0.2857142857142857,0.0,Andosol,Perkebunan/Kebun
-7.161207299,107.6044192,1912.25,0.0,0.2857142857142857,0.0,Andosol,Perkebunan/Kebun
-7.161607,107.626321,1973.49,0.125,0.2857142857142857,0.0,Andosol,Hutan
-7.151451509,107.6179821,1974.87,0.125,0.2857142857142857,0.0,Andosol,Hutan
-7.156686323,107.6160786,1954.05,0.125,0.2857142857142857,0.0,Andosol,Hutan
-7.151451509,107.5979947,1919.37,0.0,0.2857142857142857,0.0,Andosol,Perkebunan/Kebun
-7.203644986,107.5022957,1937.88,0.125,0.8571428571428572,0.0,Podsolik,Hutan
-7.210188504,107.532039,1787.2,0.0,0.2857142857142857,0.0,Andosol,Perkebunan/Kebun
-7.189963086,107.532039,1759.62,0.5,0.2857142857142857,0.0,Andosol,Tegalan/Ladang
-7.196506603,107.5219263,1805.9,0.0,0.2857142857142857,0.0,Andosol,Perkebunan/Kebun
-7.219111483,107.5213314,1852.68,0.0,0.2857142857142857,0.0,Andosol,Perkebunan/Kebun
-7.189963086,107.4963471,1985.91,0.125,0.8571428571428572,0.0,Podsolik,Hutan
-7.167358206,107.5082444,1940.46,0.125,0.2857142857142857,0.0,Andosol,Hutan
-7.163194149,107.5219263,1868.98,0.125,0.2857142857142857,0.0,Andosol,Hutan
-7.101328163,107.5463157,2137.1,0.75,0.5714285714285714,0.33333333333333337,Latosol,Sawah Tadah Hujan
-7.112035738,107.5534541,2073.83,0.625,0.5714285714285714,0.33333333333333337,Latosol,Sawah
-7.134640617,107.5677309,1942.15,1.0,0.2857142857142857,0.0,Andosol,Permukiman
-7.079318149,107.6165098,2151.61,0.75,0.2857142857142857,0.33333333333333337,Andosol,Sawah Tadah Hujan
-7.115604929,107.4969419,2214.05,0.0,0.5714285714285714,0.33333333333333337,Latosol,Perkebunan/Kebun
-7.078128418,107.5219263,2243.23,1.0,0.5714285714285714,0.33333333333333337,Latosol,Permukiman
-7.119174121,107.6849194,2093.33,0.625,0.2857142857142857,0.33333333333333337,Andosol,Sawah
-7.139399539,107.6754015,2078.12,0.625,0.2857142857142857,0.33333333333333337,Andosol,Sawah
-7.148322518,107.6926526,2079.57,0.0,0.2857142857142857,0.33333333333333337,Andosol,Perkebunan/Kebun
-7.137020078,107.7069294,2085.18,0.5,0.2857142857142857,0.33333333333333337,Andosol,Tegalan/Ladang
-7.231008788,107.6438736,1986.28,1.0,0.2857142857142857,0.0,Andosol,Permukiman
-7.245880419,107.668858,2033.67,0.0,0.2857142857142857,0.33333333333333337,Andosol,Perkebunan/Kebun
-7.25837259,107.6855142,2053.53,0.125,0.0,0.33333333333333337,Regosol,Hutan
-7.220896079,107.6950321,2056.29,0.125,0.0,0.33333333333333337,Regosol,Hutan
-7.228034462,107.6867039,2048.49,0.125,0.0,0.33333333333333337,Regosol,Hutan
-7.222085809,107.6242431,1934.61,0.125,0.2857142857142857,0.0,Andosol,Hutan
-7.223870405,107.6105612,1904.11,0.0,0.2857142857142857,0.0,Andosol,Perkebunan/Kebun
-7.219111483,107.5742744,1803.74,0.0,0.2857142857142857,0.0,Andosol,Perkebunan/Kebun
-7.237552306,107.5344184,1874.85,0.0,0.2857142857142857,0.0,Andosol,Perkebunan/Kebun
-7.239931767,107.5165725,1939.42,0.0,0.2857142857142857,0.0,Andosol,Perkebunan/Kebun
-7.246475285,107.5183571,1950.53,0.0,0.2857142857142857,0.0,Andosol,Perkebunan/Kebun
-7.244095824,107.5582131,1869.01,0.125,0.2857142857142857,0.0,Andosol,Hutan
-7.217653,107.567704,1785.11,0.0,0.2857142857142857,0.0,Andosol,Perkebunan/Kebun
-7.22327554,107.5564285,1797.46,0.0,0.2857142857142857,0.0,Andosol,Perkebunan/Kebun
-7.232793384,107.5582131,1825.95,0.0,0.2857142857142857,0.0,Andosol,Perkebunan/Kebun
-7.223870405,107.5254955,1849.35,0.5,0.2857142857142857,0.0,Andosol,Tegalan/Ladang
-7.225655001,107.5135982,1906.48,0.5,0.2857142857142857,0.0,Andosol,Tegalan/Ladang
-7.231603653,107.655771,2009.05,0.0,0.2857142857142857,0.33333333333333337,Andosol,Perkebunan/Kebun
-7.2119731,107.6563658,2006.12,0.0,0.2857142857142857,0.33333333333333337,Andosol,Perkebunan/Kebun
-7.229224192,107.6765912,2037.45,0.5,0.2857142857142857,0.33333333333333337,Andosol,Tegalan/Ladang
-7.245880419,107.6890834,2054.05,0.125,0.0,0.33333333333333337,Regosol,Hutan
-7.253018802,107.6706426,2035.92,0.0,0.2857142857142857,0.33333333333333337,Andosol,Perkebunan/Kebun
-7.270143,107.649781,2024.6,0.0,0.2857142857142857,0.33333333333333337,Andosol,Perkebunan/Kebun
-7.279787739,107.6367353,2022.02,0.0,0.2857142857142857,0.33333333333333337,Andosol,Perkebunan/Kebun
-7.255993129,107.6004485,1941.03,0.0,0.2857142857142857,0.0,Andosol,Perkebunan/Kebun
-7.276813412,107.6040177,1983.82,0.125,0.2857142857142857,0.0,Andosol,Hutan
-7.289305583,107.6099663,2009.69,0.125,0.2857142857142857,0.33333333333333337,Andosol,Hutan
-7.263131512,107.6986013,2063.54,0.0,0.0,0.33333333333333337,Regosol,Perkebunan/Kebun
-7.281572334,107.7069294,2073.16,0.125,0.0,0.33333333333333337,Regosol,Hutan
-7.29465937,107.7003858,2075.2,0.0,0.2857142857142857,0.33333333333333337,Andosol,Perkebunan/Kebun
-7.263726377,107.6111561,1970.15,0.0,0.2857142857142857,0.0,Andosol,Perkebunan/Kebun
-7.2461951,107.617935,1949.8,1.0,0.2857142857142857,0.0,Andosol,Permukiman
-7.250963,107.633206,1983.7,0.0,0.2857142857142857,0.0,Andosol,Perkebunan/Kebun
-7.219155106,107.499714,1972.71,0.125,0.2857142857142857,0.0,Andosol,Hutan
-7.186318545,107.5068524,1911.5,0.125,0.2857142857142857,0.0,Andosol,Hutan
-7.177395566,107.5079231,1910.92,0.125,0.2857142857142857,0.0,Andosol,Hutan
-7.177752485,107.4965017,2004.6,0.125,0.2857142857142857,0.33333333333333337,Andosol,Hutan
-7.199167634,107.5054247,1906.79,0.125,0.2857142857142857,0.0,Andosol,Hutan
-7.194884604,107.5179169,1827.72,0.125,0.2857142857142857,0.0,Andosol,Hutan
-7.185961625,107.5154184,1842.69,0.125,0.2857142857142857,0.0,Andosol,Hutan
-7.175967889,107.5179169,1848.92,0.0,0.2857142857142857,0.0,Andosol,Perkebunan/Kebun
-7.190244655,107.5211292,1815.96,0.125,0.2857142857142857,0.0,Andosol,Hutan
-7.197383038,107.5296952,1771.49,0.0,0.2857142857142857,0.0,Andosol,Perkebunan/Kebun
-7.208234,107.525538,1804.55,0.0,0.2857142857142857,0.0,Andosol,Perkebunan/Kebun
-7.202379906,107.51756,1832.9,0.0,0.2857142857142857,0.0,Andosol,Perkebunan/Kebun
-7.206662936,107.5104216,1885.56,0.125,0.2857142857142857,0.0,Andosol,Hutan
-7.196312281,107.5125631,1864.53,0.125,0.2857142857142857,0.0,Andosol,Hutan
-7.194527685,107.5000709,1951.09,0.125,0.8571428571428572,0.0,Podsolik,Hutan
-7.18417703,107.5011417,1944.83,0.125,0.2857142857142857,0.0,Andosol,Hutan
-7.234145711,107.5243414,1889.77,0.0,0.2857142857142857,0.0,Andosol,Perkebunan/Kebun
-7.233431872,107.51756,1912.52,0.0,0.2857142857142857,0.0,Andosol,Perkebunan/Kebun
-7.224508894,107.5186307,1881.94,0.5,0.2857142857142857,0.0,Andosol,Tegalan/Ladang
-7.218084349,107.5150615,1885.38,0.125,0.2857142857142857,0.0,Andosol,Hutan
-7.215585915,107.5279106,1817.39,0.0,0.2857142857142857,0.0,Andosol,Perkebunan/Kebun
-7.223795055,107.5304091,1835.93,0.5,0.2857142857142857,0.0,Andosol,Tegalan/Ladang
-7.241641013,107.530766,1899.27,0.0,0.2857142857142857,0.0,Andosol,Perkebunan/Kebun
-7.249493234,107.5254122,1937.83,0.125,0.2857142857142857,0.0,Andosol,Hutan
-7.248065558,107.5079231,1996.11,0.0,0.2857142857142857,0.0,Andosol,Perkebunan/Kebun
-7.248779396,107.5014986,2023.25,0.125,0.2857142857142857,0.33333333333333337,Andosol,Hutan
-7.241284094,107.5022124,2004.05,0.125,0.2857142857142857,0.33333333333333337,Andosol,Hutan
-7.24271177,107.5075662,1979.84,0.125,0.2857142857142857,0.0,Andosol,Hutan
-7.231290358,107.5339782,1852.97,0.5,0.2857142857142857,0.0,Andosol,Tegalan/Ladang
-7.216656672,107.5336213,1798.22,0.0,0.2857142857142857,0.0,Andosol,Perkebunan/Kebun
-7.178363213,107.6236046,1941.18,0.5,0.2857142857142857,0.0,Andosol,Tegalan/Ladang
-7.189070788,107.6230097,1929.63,0.0,0.2857142857142857,0.0,Andosol,Perkebunan/Kebun
-7.188475923,107.6105176,1889.03,0.0,0.2857142857142857,0.0,Andosol,Perkebunan/Kebun
-7.186691327,107.5980254,1836.95,0.5,0.2857142857142857,0.0,Andosol,Tegalan/Ladang
-7.231901086,107.5980254,1881.8,0.0,0.2857142857142857,0.0,Andosol,Perkebunan/Kebun
-7.24141893,107.5783948,1874.65,0.125,0.2857142857142857,0.0,Andosol,Hutan
-7.211675667,107.6479941,1989.82,0.0,0.2857142857142857,0.0,Andosol,Perkebunan/Kebun
-7.220003781,107.6569171,2009.92,0.0,0.2857142857142857,0.33333333333333337,Andosol,Perkebunan/Kebun
-7.197735,107.653477,2005.24,0.5,0.2857142857142857,0.33333333333333337,Andosol,Tegalan/Ladang
-7.189070788,107.652753,2009.13,0.0,0.2857142857142857,0.33333333333333337,Andosol,Perkebunan/Kebun
-7.173982,107.652678,2017.71,0.5,0.2857142857142857,0.33333333333333337,Andosol,Tegalan/Ladang
-7.166465908,107.6569171,2036.22,0.5,0.2857142857142857,0.33333333333333337,Andosol,Tegalan/Ladang
-7.140886702,107.6473992,2052.32,0.125,0.2857142857142857,0.33333333333333337,Andosol,Hutan
-7.130524001,107.661786,2078.09,0.0,0.2857142857142857,0.33333333333333337,Andosol,Perkebunan/Kebun
-7.117989001,107.658574,2092.64,0.0,0.2857142857142857,0.33333333333333337,Andosol,Perkebunan/Kebun
-7.104909999,107.656194,2107.12,0.0,0.2857142857142857,0.33333333333333337,Andosol,Perkebunan/Kebun
-7.097686001,107.656067,2117.03,0.5,0.2857142857142857,0.33333333333333337,Andosol,Tegalan/Ladang
-7.090918021,107.652753,2125.03,0.5,0.2857142857142857,0.33333333333333337,Andosol,Tegalan/Ladang
-7.133153454,107.6004049,1996.76,0.125,0.2857142857142857,0.0,Andosol,Hutan
-7.170629965,107.7247317,2080.27,0.125,0.2857142857142857,0.33333333333333337,Andosol,Hutan
-7.076641255,107.6949884,2112.9,0.625,0.5714285714285714,0.33333333333333337,Latosol,Sawah
-7.07761,107.66761,2133.89,0.0,0.5714285714285714,0.33333333333333337,Latosol,Perkebunan/Kebun
-7.121256149,107.5891024,2028.91,0.0,0.2857142857142857,0.33333333333333337,Andosol,Perkebunan/Kebun
-7.098939,107.715004,2090.63,0.625,0.5714285714285714,0.33333333333333337,Latosol,Sawah
-7.100840374,107.7195683,2087.65,1.0,0.5714285714285714,0.33333333333333337,Latosol,Permukiman
-7.107115,107.727078,2084.98,0.5,0.5714285714285714,0.33333333333333337,Latosol,Tegalan/Ladang
-7.112719,107.724027,2085.26,0.5,0.5714285714285714,0.33333333333333337,Latosol,Tegalan/Ladang
-7.124474,107.719006,2085.87,0.5,0.2857142857142857,0.33333333333333337,Andosol,Tegalan/Ladang
-7.117924,107.717387,2086.63,0.5,0.5714285714285714,0.33333333333333337,Latosol,Tegalan/Ladang
-7.108073935,107.7138576,2088.89,0.5,0.5714285714285714,0.33333333333333337,Latosol,Tegalan/Ladang
-7.105980009,107.7138576,2089.21,1.0,0.5714285714285714,0.33333333333333337,Latosol,Permukiman
-7.081423972,107.685304,2116.77,0.5,0.5714285714285714,0.33333333333333337,Latosol,Tegalan/Ladang
-7.091703243,107.6889208,2108.65,0.0,0.5714285714285714,0.33333333333333337,Latosol,Perkebunan/Kebun
-7.085120118,107.6947337,2108.12,0.625,0.5714285714285714,0.33333333333333337,Latosol,Sawah
-7.101411444,107.6851137,2103.58,0.0,0.5714285714285714,0.33333333333333337,Latosol,Perkebunan/Kebun
-7.103315013,107.6828294,2103.91,0.0,0.5714285714285714,0.33333333333333337,Latosol,Perkebunan/Kebun
-7.100292,107.6819937,2105.26,0.0,0.5714285714285714,0.33333333333333337,Latosol,Perkebunan/Kebun
-7.089418961,107.676738,2117.37,0.5,0.5714285714285714,0.33333333333333337,Latosol,Tegalan/Ladang
-7.085992537,107.6754055,2119.07,0.0,0.5714285714285714,0.33333333333333337,Latosol,Perkebunan/Kebun
-7.097033236,107.6662683,2114.47,0.625,0.2857142857142857,0.33333333333333337,Andosol,Sawah
-7.110738931,107.6715983,2100.1,0.0,0.2857142857142857,0.33333333333333337,Andosol,Perkebunan/Kebun
-7.113403928,107.6733115,2098.27,0.0,0.2857142857142857,0.33333333333333337,Andosol,Perkebunan/Kebun
-7.123127,107.676853,2090.41,0.625,0.2857142857142857,0.33333333333333337,Andosol,Sawah
-7.1333914,107.6816872,2084.48,1.0,0.2857142857142857,0.33333333333333337,Andosol,Permukiman
-7.128941,107.701526,2087.53,0.625,0.2857142857142857,0.33333333333333337,Andosol,Sawah
-7.12063,107.717603,2086.25,0.5,0.2857142857142857,0.33333333333333337,Andosol,Tegalan/Ladang
-7.1989654,107.7047467,2066.98,0.0,0.2857142857142857,0.33333333333333337,Andosol,Perkebunan/Kebun
-7.169391,107.708147,2076.81,0.125,0.2857142857142857,0.33333333333333337,Andosol,Hutan
-7.235805554,107.6170886,1935.29,0.0,0.2857142857142857,0.0,Andosol,Perkebunan/Kebun
-7.174754,107.68049,2056.52,0.5,0.2857142857142857,0.33333333333333337,Andosol,Tegalan/Ladang
-7.1825081,107.700707,2069.45,0.75,0.2857142857142857,0.33333333333333337,Andosol,Sawah Tadah Hujan
-7.139801043,107.5317485,1962.21,0.125,0.2857142857142857,0.0,Andosol,Hutan
-7.0761161,107.6400894,2149.17,0.625,0.2857142857142857,0.33333333333333337,Andosol,Sawah
-7.153715,107.655267,2046.56,0.125,0.2857142857142857,0.33333333333333337,Andosol,Hutan
-7.1898215,107.6622977,2024.09,0.5,0.2857142857142857,0.33333333333333337,Andosol,Tegalan/Ladang
-7.238310729,107.6873652,2051.1,0.125,0.0,0.33333333333333337,Regosol,Hutan
-7.196165,107.697829,2063.9,0.0,0.2857142857142857,0.33333333333333337,Andosol,Perkebunan/Kebun
-7.215506,107.672349,2032.08,1.0,0.2857142857142857,0.33333333333333337,Andosol,Permukiman
-7.239065,107.58811,1879.13,0.0,0.2857142857142857,0.0,Andosol,Perkebunan/Kebun
-7.211382001,107.584282,1809.28,0.0,0.2857142857142857,0.0,Andosol,Perkebunan/Kebun
-7.197068,107.567887,1745.56,0.5,0.2857142857142857,0.0,Andosol,Tegalan/Ladang
-7.13339,107.652982,2069.97,0.0,0.2857142857142857,0.33333333333333337,Andosol,Perkebunan/Kebun
-7.117435,107.633471,2080.88,0.125,0.2857142857142857,0.33333333333333337,Andosol,Hutan
-7.178896727,107.5985649,1851.53,0.0,0.2857142857142857,0.0,Andosol,Perkebunan/Kebun
-7.168354575,107.5488806,1766.15,0.125,0.2857142857142857,0.0,Andosol,Hutan
-7.1579296,107.5834643,1855.04,0.0,0.2857142857142857,0.0,Andosol,Perkebunan/Kebun
-7.1431421,107.585982,1922.94,0.125,0.2857142857142857,0.0,Andosol,Hutan
-7.087598,107.611093,2137.24,0.75,0.2857142857142857,0.33333333333333337,Andosol,Sawah Tadah Hujan
-7.106984,107.58035,2082.16,0.75,0.2857142857142857,0.33333333333333337,Andosol,Sawah Tadah Hujan
-7.122732,107.502938,2165.61,0.75,0.2857142857142857,0.33333333333333337,Andosol,Sawah Tadah Hujan
-7.110936,107.504381,2199.59,0.0,0.5714285714285714,0.33333333333333337,Latosol,Perkebunan/Kebun
-7.083187,107.512116,2250.53,0.5,0.5714285714285714,0.33333333333333337,Latosol,Tegalan/Ladang
-7.079375001,107.504609,2265.81,0.5,0.5714285714285714,0.33333333333333337,Latosol,Tegalan/Ladang
-7.105120399,107.4956401,2237.69,0.0,0.5714285714285714,0.33333333333333337,Latosol,Perkebunan/Kebun
-7.121447,107.515942,2121.09,0.125,0.2857142857142857,0.33333333333333337,Andosol,Hutan
-7.145756,107.498384,2098.4,0.5,0.2857142857142857,0.33333333333333337,Andosol,Tegalan/Ladang
-7.159015191,107.50492,1999.56,0.125,0.2857142857142857,0.0,Andosol,Hutan
-7.13317265,107.5128421,2077.88,0.5,0.2857142857142857,0.33333333333333337,Andosol,Tegalan/Ladang
-7.1154915,107.5266525,2118.71,0.5,0.2857142857142857,0.33333333333333337,Andosol,Tegalan/Ladang
-7.173291957,107.5284767,1801.05,0.0,0.2857142857142857,0.0,Andosol,Perkebunan/Kebun
-7.170436604,107.5320459,1797.54,0.0,0.2857142857142857,0.0,Andosol,Perkebunan/Kebun
-7.087613,107.495368,2265.77,0.5,0.5714285714285714,0.33333333333333337,Latosol,Tegalan/Ladang
-7.089055,107.528904,2210.85,0.5,0.5714285714285714,0.33333333333333337,Latosol,Tegalan/Ladang
-7.081563735,107.5291905,2229.73,0.5,0.5714285714285714,0.33333333333333337,Latosol,Tegalan/Ladang
-7.100596,107.680835,2106.05,0.0,0.5714285714285714,0.33333333333333337,Latosol,Perkebunan/Kebun
-7.094659998,107.660749,2118.44,0.5,0.2857142857142857,0.33333333333333337,Andosol,Tegalan/Ladang
-7.090129795,107.6576814,2123.75,0.0,0.2857142857142857,0.33333333333333337,Andosol,Perkebunan/Kebun
-7.0809871,107.6549351,2136.7,0.625,0.2857142857142857,0.33333333333333337,Andosol,Sawah
-7.080107367,107.6289382,2145.89,0.625,0.2857142857142857,0.33333333333333337,Andosol,Sawah
-7.087631361,107.6252018,2136.25,0.0,0.2857142857142857,0.33333333333333337,Andosol,Perkebunan/Kebun
-7.104049642,107.6134235,2096.59,0.0,0.2857142857142857,0.33333333333333337,Andosol,Perkebunan/Kebun
-7.108115001,107.62294,2091.73,0.125,0.2857142857142857,0.33333333333333337,Andosol,Hutan
-7.1214,107.621104,2061.71,0.125,0.2857142857142857,0.33333333333333337,Andosol,Hutan
-7.122609438,107.6291279,2065.04,0.125,0.2857142857142857,0.33333333333333337,Andosol,Hutan
-7.119912025,107.6497094,2086.94,0.0,0.2857142857142857,0.33333333333333337,Andosol,Perkebunan/Kebun
-7.111447823,107.6479804,2097.9,0.0,0.2857142857142857,0.33333333333333337,Andosol,Perkebunan/Kebun
-7.10864,107.651112,2101.61,0.0,0.2857142857142857,0.33333333333333337,Andosol,Perkebunan/Kebun
-7.107318,107.661399,2104.65,0.0,0.2857142857142857,0.33333333333333337,Andosol,Perkebunan/Kebun
-7.111188548,107.6656903,2100.37,0.0,0.2857142857142857,0.33333333333333337,Andosol,Perkebunan/Kebun
-7.122609438,107.6530415,2083.39,0.0,0.2857142857142857,0.33333333333333337,Andosol,Perkebunan/Kebun
-7.132026001,107.633186,2052.49,0.125,0.2857142857142857,0.33333333333333337,Andosol,Hutan
-7.133816004,107.627039,2040.0,0.125,0.2857142857142857,0.33333333333333337,Andosol,Hutan
-7.140099,107.621804,2015.23,0.125,0.2857142857142857,0.33333333333333337,Andosol,Hutan
-7.139180001,107.614932,2003.56,0.125,0.2857142857142857,0.33333333333333337,Andosol,Hutan
-7.133317012,107.5945067,1986.41,0.125,0.2857142857142857,0.0,Andosol,Hutan
-7.131175497,107.6037866,2007.46,0.125,0.2857142857142857,0.33333333333333337,Andosol,Hutan
-7.12221,107.602723,2035.67,0.125,0.2857142857142857,0.33333333333333337,Andosol,Hutan
-7.121895599,107.5937929,2032.42,0.125,0.2857142857142857,0.33333333333333337,Andosol,Hutan
-7.112258782,107.5795161,2058.16,0.0,0.2857142857142857,0.33333333333333337,Andosol,Perkebunan/Kebun
-7.127351001,107.571673,1988.89,0.0,0.2857142857142857,0.0,Andosol,Perkebunan/Kebun
-7.148213,107.578662,1891.03,0.125,0.2857142857142857,0.0,Andosol,Hutan
-7.129350761,107.5754077,1980.18,0.0,0.2857142857142857,0.0,Andosol,Perkebunan/Kebun
-7.123884,107.566452,2010.19,0.75,0.2857142857142857,0.33333333333333337,Andosol,Sawah Tadah Hujan
-7.095840501,107.5638117,2127.51,1.0,0.5714285714285714,0.33333333333333337,Latosol,Permukiman
-7.086827001,107.566969,2156.03,0.5,0.5714285714285714,0.33333333333333337,Latosol,Tegalan/Ladang
-7.0814093,107.5750618,2163.26,0.75,0.5714285714285714,0.33333333333333337,Latosol,Sawah Tadah Hujan
-7.13987797,107.7294539,2083.57,0.0,0.2857142857142857,0.33333333333333337,Andosol,Perkebunan/Kebun
-7.136460905,107.8007247,2078.77,0.125,0.2857142857142857,0.33333333333333337,Andosol,Hutan
-7.145276,107.797896,2079.58,0.0,0.2857142857142857,0.33333333333333337,Andosol,Perkebunan/Kebun
-7.154306862,107.7866859,2080.65,0.0,0.2857142857142857,0.33333333333333337,Andosol,Perkebunan/Kebun
-7.155020701,107.7893033,2080.69,1.0,0.2857142857142857,0.33333333333333337,Andosol,Permukiman
-7.146931832,107.7988331,2079.58,0.125,0.2857142857142857,0.33333333333333337,Andosol,Hutan
-7.127894845,107.8054837,2077.74,0.125,0.2857142857142857,0.33333333333333337,Andosol,Hutan
-7.103862289,107.8071493,2075.25,0.0,0.2857142857142857,0.33333333333333337,Andosol,Perkebunan/Kebun
-7.090061415,107.8052457,2073.44,0.0,0.2857142857142857,0.33333333333333337,Andosol,Perkebunan/Kebun
-7.081971248,107.81286,2066.54,0.0,0.2857142857142857,0.33333333333333337,Andosol,Perkebunan/Kebun
-7.162896717,107.7294906,2081.89,0.125,0.2857142857142857,0.33333333333333337,Andosol,Hutan
-7.158137795,107.7336547,2082.46,0.125,0.2857142857142857,0.33333333333333337,Andosol,Hutan
-7.141055,107.765663,2081.0,0.0,0.2857142857142857,0.33333333333333337,Andosol,Perkebunan/Kebun
-7.122624,107.77515,2079.97,0.5,0.2857142857142857,0.33333333333333337,Andosol,Tegalan/Ladang
-7.11899,107.78515,2079.5,0.5,0.2857142857142857,0.33333333333333337,Andosol,Tegalan/Ladang
-7.130313001,107.790785,2079.32,0.0,0.2857142857142857,0.33333333333333337,Andosol,Perkebunan/Kebun
-7.090918021,107.7907617,2077.72,0.0,0.2857142857142857,0.33333333333333337,Andosol,Perkebunan/Kebun
-7.099841,107.7973053,2077.34,0.0,0.2857142857142857,0.33333333333333337,Andosol,Perkebunan/Kebun
-7.095565,107.736836,2082.67,0.5,0.5714285714285714,0.33333333333333337,Latosol,Tegalan/Ladang
-7.089799675,107.7395557,2082.39,1.0,0.5714285714285714,0.33333333333333337,Latosol,Permukiman
-7.091368001,107.737182,2082.91,1.0,0.5714285714285714,0.33333333333333337,Latosol,Permukiman
-7.098746448,107.7304186,2084.17,1.0,0.5714285714285714,0.33333333333333337,Latosol,Permukiman
-7.116417,107.736917,2082.49,0.625,0.2857142857142857,0.33333333333333337,Andosol,Sawah
-7.108835363,107.7490736,2080.65,0.75,0.2857142857142857,0.33333333333333337,Andosol,Sawah Tadah Hujan
-7.0942552,107.7547245,2080.15,0.0,0.5714285714285714,0.33333333333333337,Latosol,Perkebunan/Kebun
-7.092083957,107.7553554,2080.16,0.75,0.5714285714285714,0.33333333333333337,Latosol,Sawah Tadah Hujan
-7.105837001,107.751631,2080.42,0.0,0.2857142857142857,0.33333333333333337,Andosol,Perkebunan/Kebun
-7.079520403,107.7768657,2078.15,0.75,0.5714285714285714,0.33333333333333337,Latosol,Sawah Tadah Hujan
-7.083327541,107.7774368,2078.85,0.5,0.5714285714285714,0.33333333333333337,Latosol,Tegalan/Ladang
-7.099698232,107.7789596,2079.78,1.0,0.2857142857142857,0.33333333333333337,Andosol,Permukiman
-7.113974998,107.7759139,2079.9,1.0,0.2857142857142857,0.33333333333333337,Andosol,Permukiman
-7.120898,107.762959,2080.27,1.0,0.2857142857142857,0.33333333333333337,Andosol,Permukiman
-7.123873556,107.7585914,2080.5,0.5,0.2857142857142857,0.33333333333333337,Andosol,Tegalan/Ladang
-7.129964976,107.7448857,2081.8,0.5,0.2857142857142857,0.33333333333333337,Andosol,Tegalan/Ladang
-7.11568821,107.7494543,2080.83,0.75,0.2857142857142857,0.33333333333333337,Andosol,Sawah Tadah Hujan
-7.111809003,107.7625307,2080.06,1.0,0.2857142857142857,0.33333333333333337,Andosol,Permukiman
-7.114165355,107.7690611,2080.02,0.0,0.2857142857142857,0.33333333333333337,Andosol,Perkebunan/Kebun
-7.143289958,107.7587818,2081.39,0.125,0.2857142857142857,0.33333333333333337,Andosol,Hutan
-7.134723898,107.7732489,2080.38,0.5,0.2857142857142857,0.33333333333333337,Andosol,Tegalan/Ladang
-7.129964976,107.7745814,2080.1,0.5,0.2857142857142857,0.33333333333333337,Andosol,Tegalan/Ladang
-7.120637489,107.7799114,2079.81,0.0,0.2857142857142857,0.33333333333333337,Andosol,Perkebunan/Kebun
-7.104457154,107.7842896,2079.45,0.0,0.2857142857142857,0.33333333333333337,Andosol,Perkebunan/Kebun
-7.092083957,107.7892389,2078.37,0.5,0.2857142857142857,0.33333333333333337,Andosol,Tegalan/Ladang
-7.106741437,107.7860028,2079.46,0.0,0.2857142857142857,0.33333333333333337,Andosol,Perkebunan/Kebun
-7.133772114,107.7856221,2079.76,0.5,0.2857142857142857,0.33333333333333337,Andosol,Tegalan/Ladang
-7.141142,107.783303,2080.18,0.0,0.2857142857142857,0.33333333333333337,Andosol,Perkebunan/Kebun
-7.139102107,107.7671575,2080.81,0.0,0.2857142857142857,0.33333333333333337,Andosol,Perkebunan/Kebun
-7.137579252,107.7515482,2081.62,0.5,0.2857142857142857,0.33333333333333337,Andosol,Tegalan/Ladang
-7.124825341,107.7490736,2081.25,0.625,0.2857142857142857,0.33333333333333337,Andosol,Sawah
-7.119114634,107.7456472,2081.4,0.0,0.2857142857142857,0.33333333333333337,Andosol,Perkebunan/Kebun
-7.084062169,107.8190089,2064.46,0.0,0.2857142857142857,0.33333333333333337,Andosol,Perkebunan/Kebun
-6.990589,107.490648,2274.75,0.5,0.5714285714285714,0.33333333333333337,Latosol,Tegalan/Ladang
-7.005088,107.494029,2279.81,0.0,0.5714285714285714,0.33333333333333337,Latosol,Perkebunan/Kebun
-7.020462181,107.4940122,2283.89,0.0,0.5714285714285714,0.33333333333333337,Latosol,Perkebunan/Kebun
-7.071657,107.473921,2295.01,0.0,0.8571428571428572,0.33333333333333337,Podsolik,Perkebunan/Kebun
-7.07488,107.460803,2316.74,0.625,0.0,0.33333333333333337,Regosol,Sawah
-7.074068433,107.4413884,2378.94,0.625,0.8571428571428572,0.33333333333333337,Podsolik,Sawah
-7.071926918,107.4313947,2416.83,1.0,0.8571428571428572,0.33333333333333337,Podsolik,Permukiman
-7.056326,107.480305,2286.96,0.0,0.8571428571428572,0.33333333333333337,Podsolik,Perkebunan/Kebun
-7.044087224,107.4849326,2285.78,1.0,0.8571428571428572,0.33333333333333337,Podsolik,Permukiman
-7.039447275,107.4877879,2285.82,0.0,0.5714285714285714,0.33333333333333337,Latosol,Perkebunan/Kebun
-7.040272364,107.648265,2192.98,0.0,0.5714285714285714,0.33333333333333337,Latosol,Perkebunan/Kebun
-7.0687634,107.6088222,2170.15,0.75,0.5714285714285714,0.33333333333333337,Latosol,Sawah Tadah Hujan
-7.055169158,107.5486148,2234.76,1.0,0.5714285714285714,0.33333333333333337,Latosol,Permukiman
-7.028519195,107.5600363,2231.09,0.625,1.0,0.33333333333333337,Clay,Sawah
-6.998062094,107.5923969,2227.11,0.625,0.7142857142857142,0.33333333333333337,Aluvial,Sawah
-6.999013878,107.6057219,2232.6,1.0,0.7142857142857142,0.33333333333333337,Aluvial,Permukiman
-7.016145997,107.6552147,2210.47,0.625,0.7142857142857142,0.33333333333333337,Aluvial,Sawah
-7.013290644,107.6809129,2177.75,0.625,0.7142857142857142,0.33333333333333337,Aluvial,Sawah
-7.026615626,107.6647325,2191.9,0.5,0.5714285714285714,0.33333333333333337,Latosol,Tegalan/Ladang
-7.065502,107.65226,2156.72,0.5,0.2857142857142857,0.33333333333333337,Andosol,Tegalan/Ladang
-7.035291348,107.6807722,2161.18,0.5,0.5714285714285714,0.33333333333333337,Latosol,Tegalan/Ladang
-7.002582348,107.6692042,2198.81,0.25,0.7142857142857142,0.33333333333333337,Aluvial,Badan Air
-6.9321632,107.5408544,2210.83,1.0,0.7142857142857142,0.33333333333333337,Aluvial,Permukiman
-6.923856064,107.5354148,2209.2,0.5,0.8571428571428572,0.33333333333333337,Podsolik,Tegalan/Ladang
-6.927901148,107.5349389,2211.45,1.0,0.8571428571428572,0.33333333333333337,Podsolik,Permukiman
-6.949890159,107.550096,2214.21,0.0,0.7142857142857142,0.33333333333333337,Aluvial,Perkebunan/Kebun
-6.955264949,107.5418394,2222.39,0.625,0.7142857142857142,0.33333333333333337,Aluvial,Sawah
-6.968544,107.527654,2239.98,0.25,0.5714285714285714,0.33333333333333337,Latosol,Badan Air
-6.975728314,107.5316077,2240.46,0.625,0.5714285714285714,0.33333333333333337,Latosol,Sawah
-6.96815,107.550505,2223.99,0.625,0.7142857142857142,0.33333333333333337,Aluvial,Sawah
-6.966686362,107.5668237,2217.17,1.0,0.7142857142857142,0.33333333333333337,Aluvial,Permukiman
-6.99010588,107.565188,2225.56,0.25,0.7142857142857142,0.33333333333333337,Aluvial,Badan Air
-7.002348,107.552746,2236.02,1.0,0.7142857142857142,0.33333333333333337,Aluvial,Permukiman
-7.013354763,107.5488548,2242.92,0.625,1.0,0.33333333333333337,Clay,Sawah
-7.016921,107.525711,2267.14,0.25,1.0,0.33333333333333337,Clay,Badan Air
-7.009299001,107.524589,2266.15,1.0,1.0,0.33333333333333337,Clay,Permukiman
-6.998095247,107.5192345,2264.24,0.625,0.5714285714285714,0.33333333333333337,Latosol,Sawah
-6.980978,107.517182,2255.97,0.0,0.5714285714285714,0.33333333333333337,Latosol,Perkebunan/Kebun
-6.981374,107.514834,2257.35,0.0,0.5714285714285714,0.33333333333333337,Latosol,Perkebunan/Kebun
-6.985959996,107.5042439,2265.94,0.5,0.5714285714285714,0.33333333333333337,Latosol,Tegalan/Ladang
-6.982628751,107.494964,2270.07,0.0,0.5714285714285714,0.33333333333333337,Latosol,Perkebunan/Kebun
-7.037951001,107.546886,2246.0,0.625,1.0,0.33333333333333337,Clay,Sawah
-7.029938,107.557941,2232.8,0.625,1.0,0.33333333333333337,Clay,Sawah
-7.011182283,107.5677755,2227.45,0.625,0.7142857142857142,0.33333333333333337,Aluvial,Sawah
-6.995621,107.578551,2223.88,0.25,0.7142857142857142,0.33333333333333337,Aluvial,Badan Air
-7.019432,107.5734037,2223.67,0.625,0.7142857142857142,0.33333333333333337,Aluvial,Sawah
-7.023713,107.573191,2222.82,0.625,0.7142857142857142,0.33333333333333337,Aluvial,Sawah
-6.972085,107.609955,2226.72,1.0,0.7142857142857142,0.33333333333333337,Aluvial,Permukiman
-6.975317,107.600869,2225.97,0.0,0.7142857142857142,0.33333333333333337,Aluvial,Perkebunan/Kebun
-6.965020739,107.6046572,2220.12,0.625,0.7142857142857142,0.33333333333333337,Aluvial,Sawah
-6.970485,107.579414,2216.68,0.625,0.7142857142857142,0.33333333333333337,Aluvial,Sawah
-6.979049,107.589199,2222.82,0.25,0.7142857142857142,0.33333333333333337,Aluvial,Badan Air
-6.991432757,107.5977567,2228.91,0.625,0.7142857142857142,0.33333333333333337,Aluvial,Sawah
-7.0125968,107.6091602,2229.85,1.0,0.5714285714285714,0.33333333333333337,Latosol,Permukiman
-7.023037999,107.600329,2221.43,0.625,0.7142857142857142,0.33333333333333337,Aluvial,Sawah
-7.038951,107.58596,2211.51,0.625,0.7142857142857142,0.33333333333333337,Aluvial,Sawah
-7.048476,107.595195,2200.18,1.0,0.5714285714285714,0.33333333333333337,Latosol,Permukiman
-7.020224235,107.6284518,2225.55,0.0,0.5714285714285714,0.33333333333333337,Latosol,Perkebunan/Kebun
-6.998367999,107.621296,2239.11,1.0,0.7142857142857142,0.33333333333333337,Aluvial,Permukiman
-7.016803,107.619964,2229.62,0.0,0.5714285714285714,0.33333333333333337,Latosol,Perkebunan/Kebun
-7.027325728,107.6209403,2218.75,0.125,0.5714285714285714,0.33333333333333337,Latosol,Hutan
-7.035928677,107.6182201,2210.49,1.0,0.5714285714285714,0.33333333333333337,Latosol,Permukiman
-7.0433789,107.6075554,2202.5,0.0,0.5714285714285714,0.33333333333333337,Latosol,Perkebunan/Kebun
-7.071263673,107.5932357,2171.77,0.0,0.5714285714285714,0.33333333333333337,Latosol,Perkebunan/Kebun
-7.069322,107.560113,2201.09,0.625,0.5714285714285714,0.33333333333333337,Latosol,Sawah
-7.053901,107.559791,2218.31,1.0,0.5714285714285714,0.33333333333333337,Latosol,Permukiman
-7.045327548,107.5582577,2226.84,1.0,1.0,0.33333333333333337,Clay,Permukiman
-7.061871,107.538644,2242.24,0.75,0.5714285714285714,0.33333333333333337,Latosol,Sawah Tadah Hujan
-7.064446518,107.6319763,2169.9,1.0,0.5714285714285714,0.33333333333333337,Latosol,Permukiman
-7.057903,107.6224585,2181.33,0.5,0.5714285714285714,0.33333333333333337,Latosol,Tegalan/Ladang
-7.060282461,107.5992588,2184.71,0.625,0.5714285714285714,0.33333333333333337,Latosol,Sawah
-7.067420844,107.5820077,2183.24,1.0,0.5714285714285714,0.33333333333333337,Latosol,Permukiman
-7.056118404,107.5034854,2282.2,0.0,0.5714285714285714,0.33333333333333337,Latosol,Perkebunan/Kebun
-7.031134064,107.5070546,2284.42,1.0,1.0,0.33333333333333337,Clay,Permukiman
-7.073369496,107.5147879,2262.83,0.5,0.5714285714285714,0.33333333333333337,Latosol,Tegalan/Ladang
-7.062067057,107.6956269,2120.22,1.0,0.5714285714285714,0.33333333333333337,Latosol,Permukiman
-7.051359482,107.6914629,2132.08,0.5,0.5714285714285714,0.33333333333333337,Latosol,Tegalan/Ladang
-7.058497865,107.7057396,2112.16,0.5,0.5714285714285714,0.33333333333333337,Latosol,Tegalan/Ladang
-6.86539,107.712172,2130.16,0.0,0.2857142857142857,0.33333333333333337,Andosol,Perkebunan/Kebun
-6.858688,107.700312,2134.58,0.0,0.2857142857142857,0.33333333333333337,Andosol,Perkebunan/Kebun
-6.85165132,107.6925336,2136.43,0.5,0.2857142857142857,0.33333333333333337,Andosol,Tegalan/Ladang
-6.848061,107.711973,2131.1,0.0,0.2857142857142857,0.33333333333333337,Andosol,Perkebunan/Kebun
-6.859503541,107.7228718,2125.54,0.125,0.2857142857142857,0.33333333333333337,Andosol,Hutan
-6.88728,107.726917,2119.42,0.5,0.5714285714285714,0.33333333333333337,Latosol,Tegalan/Ladang
-6.867663369,107.7261465,2122.18,0.0,0.2857142857142857,0.33333333333333337,Andosol,Perkebunan/Kebun
-6.873486,107.706574,2132.39,0.5,0.5714285714285714,0.33333333333333337,Latosol,Tegalan/Ladang
-6.853792835,107.6986013,2135.17,0.0,0.2857142857142857,0.33333333333333337,Andosol,Perkebunan/Kebun
-6.865571167,107.6921767,2136.28,0.5,0.2857142857142857,0.33333333333333337,Andosol,Tegalan/Ladang
-6.870555,107.683625,2137.23,0.0,0.5714285714285714,0.33333333333333337,Latosol,Perkebunan/Kebun
-6.86004991,107.6765232,2137.35,0.5,0.5714285714285714,0.33333333333333337,Latosol,Tegalan/Ladang
-6.849898001,107.678665,2137.84,0.5,0.2857142857142857,0.33333333333333337,Andosol,Tegalan/Ladang
-6.851426,107.665537,2137.48,0.5,0.2857142857142857,0.33333333333333337,Andosol,Tegalan/Ladang
-6.864500409,107.6629093,2136.12,0.5,0.5714285714285714,0.33333333333333337,Latosol,Tegalan/Ladang
-6.870528,107.645635,2132.47,0.5,0.5714285714285714,0.33333333333333337,Latosol,Tegalan/Ladang
-6.976573023,107.7235856,2110.17,0.625,0.7142857142857142,0.33333333333333337,Aluvial,Sawah
-7.052097115,107.6668711,2159.75,0.5,0.5714285714285714,0.33333333333333337,Latosol,Tegalan/Ladang
-7.030836631,107.6711938,2177.6,0.5,0.5714285714285714,0.33333333333333337,Latosol,Tegalan/Ladang
-7.018344461,107.6717887,2187.5,0.625,0.7142857142857142,0.33333333333333337,Aluvial,Sawah
-7.011324,107.659414,2208.42,0.625,0.7142857142857142,0.33333333333333337,Aluvial,Sawah
-7.032621227,107.6575119,2192.91,1.0,0.5714285714285714,0.33333333333333337,Latosol,Permukiman
-7.000669999,107.68438,2176.82,0.625,0.7142857142857142,0.33333333333333337,Aluvial,Sawah
-6.998713907,107.6973679,2153.66,0.625,0.7142857142857142,0.33333333333333337,Aluvial,Sawah
-7.007636886,107.7092652,2134.17,0.625,0.7142857142857142,0.33333333333333337,Aluvial,Sawah
-7.059342001,107.679338,2140.75,0.625,0.5714285714285714,0.33333333333333337,Latosol,Sawah
-7.047647,107.682326,2147.68,0.5,0.5714285714285714,0.33333333333333337,Latosol,Tegalan/Ladang
-6.979837,107.677323,2185.73,0.625,0.7142857142857142,0.33333333333333337,Aluvial,Sawah
-6.976703893,107.6908244,2166.96,0.625,0.7142857142857142,0.33333333333333337,Aluvial,Sawah
-6.974916,107.708902,2138.01,0.25,0.7142857142857142,0.33333333333333337,Aluvial,Badan Air
-6.979678219,107.696773,2157.81,0.625,0.7142857142857142,0.33333333333333337,Aluvial,Sawah
-6.990477,107.684911,2177.91,0.25,0.7142857142857142,0.33333333333333337,Aluvial,Badan Air
-7.008826617,107.6741682,2190.33,0.625,0.7142857142857142,0.33333333333333337,Aluvial,Sawah
-7.015370134,107.6652452,2197.57,0.625,0.7142857142857142,0.33333333333333337,Aluvial,Sawah
-7.038569879,107.670599,2172.41,0.5,0.5714285714285714,0.33333333333333337,Latosol,Tegalan/Ladang
-7.0294449,107.7102078,2122.43,0.625,0.7142857142857142,0.33333333333333337,Aluvial,Sawah
-7.0704345,107.6762727,2133.44,0.625,0.5714285714285714,0.33333333333333337,Latosol,Sawah
-7.0266238,107.6420269,2213.86,0.375,0.5714285714285714,0.33333333333333337,Latosol,Semak Belukar
-6.9939446,107.6437004,2232.58,0.25,0.7142857142857142,0.33333333333333337,Aluvial,Badan Air
-6.989657,107.657223,2217.06,0.0,0.7142857142857142,0.33333333333333337,Aluvial,Perkebunan/Kebun
-6.976062877,107.6536286,2215.83,0.625,0.7142857142857142,0.33333333333333337,Aluvial,Sawah
-6.985652001,107.649301,2225.6,0.625,0.7142857142857142,0.33333333333333337,Aluvial,Sawah
-6.990219,107.660861,2211.67,0.25,0.7142857142857142,0.33333333333333337,Aluvial,Badan Air
-6.98197601,107.667777,2201.09,0.25,0.7142857142857142,0.33333333333333337,Aluvial,Badan Air
-6.975507001,107.668628,2198.32,0.625,0.7142857142857142,0.33333333333333337,Aluvial,Sawah
-6.871197484,107.7214642,2124.43,0.0,0.2857142857142857,0.33333333333333337,Andosol,Perkebunan/Kebun
-7.056841,107.650872,2169.56,0.5,0.5714285714285714,0.33333333333333337,Latosol,Tegalan/Ladang
-7.052846645,107.6444249,2180.42,1.0,0.5714285714285714,0.33333333333333337,Latosol,Permukiman
-7.019534191,107.6456146,2216.99,0.0,0.5714285714285714,0.33333333333333337,Latosol,Perkebunan/Kebun
-7.036190418,107.6283635,2208.75,0.5,0.5714285714285714,0.33333333333333337,Latosol,Tegalan/Ladang
-7.066528546,107.6456146,2160.39,0.5,0.2857142857142857,0.33333333333333337,Andosol,Tegalan/Ladang
-7.009469071,107.7130961,2126.97,0.625,0.7142857142857142,0.33333333333333337,Aluvial,Sawah
-7.008707644,107.7157611,2120.89,0.625,0.7142857142857142,0.33333333333333337,Aluvial,Sawah
-7.018673,107.706265,2133.83,0.625,0.7142857142857142,0.33333333333333337,Aluvial,Sawah
-7.007184789,107.701294,2144.19,0.625,0.7142857142857142,0.33333333333333337,Aluvial,Sawah
-7.012324424,107.7051011,2139.45,0.625,0.7142857142857142,0.33333333333333337,Aluvial,Sawah
-6.993288736,107.7085276,2137.19,0.5,0.7142857142857142,0.33333333333333337,Aluvial,Tegalan/Ladang
-7.00528122,107.7041494,2141.46,0.625,0.7142857142857142,0.33333333333333337,Aluvial,Sawah
-6.991385167,107.7030072,2147.73,1.0,0.7142857142857142,0.33333333333333337,Aluvial,Permukiman
-6.997426,107.716897,2122.75,0.25,0.7142857142857142,0.33333333333333337,Aluvial,Badan Air
-6.992551,107.72149,2112.89,0.25,0.7142857142857142,0.33333333333333337,Aluvial,Badan Air
-6.998428372,107.7239465,2108.81,0.625,0.7142857142857142,0.33333333333333337,Aluvial,Sawah
-6.971382,107.718782,2121.1,1.0,0.7142857142857142,0.33333333333333337,Aluvial,Permukiman
-6.975585546,107.7205201,2117.46,0.625,0.7142857142857142,0.33333333333333337,Aluvial,Sawah
-6.979963755,107.7224236,2113.69,1.0,0.7142857142857142,0.33333333333333337,Aluvial,Permukiman
-6.97901197,107.7262308,2106.38,0.625,0.7142857142857142,0.33333333333333337,Aluvial,Sawah
-6.987259,107.726277,2105.93,0.625,0.7142857142857142,0.33333333333333337,Aluvial,Sawah
-6.987674864,107.7209964,2116.79,0.625,0.7142857142857142,0.33333333333333337,Aluvial,Sawah
-6.990387001,107.718334,2120.18,0.25,0.7142857142857142,0.33333333333333337,Aluvial,Badan Air
-6.986626245,107.717284,2124.04,0.625,0.7142857142857142,0.33333333333333337,Aluvial,Sawah
-6.977108401,107.6953929,2157.58,0.625,0.7142857142857142,0.33333333333333337,Aluvial,Sawah
-6.974443405,107.6980579,2153.87,0.625,0.7142857142857142,0.33333333333333337,Aluvial,Sawah
-6.979583041,107.7003422,2151.34,0.625,0.7142857142857142,0.33333333333333337,Aluvial,Sawah
-6.989485,107.694927,2161.4,0.25,0.7142857142857142,0.33333333333333337,Aluvial,Badan Air
-6.994430878,107.6931087,2161.07,0.625,0.7142857142857142,0.33333333333333337,Aluvial,Sawah
-6.99671516,107.6902533,2167.54,0.625,0.7142857142857142,0.33333333333333337,Aluvial,Sawah
-6.985864818,107.6632226,2208.06,0.25,0.7142857142857142,0.33333333333333337,Aluvial,Badan Air
-6.980948001,107.66522,2203.92,0.625,0.7142857142857142,0.33333333333333337,Aluvial,Sawah
-6.984341963,107.6702658,2198.85,0.25,0.7142857142857142,0.33333333333333337,Aluvial,Badan Air
-6.983728403,107.6772119,2186.78,0.625,0.7142857142857142,0.33333333333333337,Aluvial,Sawah
-6.975775903,107.6830197,2175.54,0.625,0.7142857142857142,0.33333333333333337,Aluvial,Sawah
-6.97596626,107.6862558,2172.56,0.625,0.7142857142857142,0.33333333333333337,Aluvial,Sawah
-6.994259,107.680655,2184.31,0.25,0.7142857142857142,0.33333333333333337,Aluvial,Badan Air
-7.002616223,107.6769283,2189.39,0.625,0.7142857142857142,0.33333333333333337,Aluvial,Sawah
-7.006716,107.69002,2165.02,0.625,0.7142857142857142,0.33333333333333337,Aluvial,Sawah
-7.020118,107.693372,2151.92,0.625,0.7142857142857142,0.33333333333333337,Aluvial,Sawah
-7.025268692,107.6946315,2148.33,0.625,0.5714285714285714,0.33333333333333337,Latosol,Sawah
-7.025078335,107.6908244,2154.45,1.0,0.5714285714285714,0.33333333333333337,Latosol,Permukiman
-7.029837257,107.6851137,2157.58,0.625,0.5714285714285714,0.33333333333333337,Latosol,Sawah
-7.031550469,107.6866365,2156.03,0.5,0.5714285714285714,0.33333333333333337,Latosol,Tegalan/Ladang
-7.039355101,107.6891112,2144.09,0.0,0.5714285714285714,0.33333333333333337,Latosol,Perkebunan/Kebun
-7.049063302,107.6670298,2164.14,0.5,0.5714285714285714,0.33333333333333337,Latosol,Tegalan/Ladang
-7.0541343,107.6712431,2153.36,0.5,0.5714285714285714,0.33333333333333337,Latosol,Tegalan/Ladang
-7.035357607,107.6938701,2141.54,1.0,0.5714285714285714,0.33333333333333337,Latosol,Permukiman
-7.040116529,107.6917762,2141.36,0.0,0.5714285714285714,0.33333333333333337,Latosol,Perkebunan/Kebun
-7.046969377,107.6938701,2134.18,0.5,0.5714285714285714,0.33333333333333337,Latosol,Tegalan/Ladang
-7.046873,107.719301,2105.28,0.625,0.7142857142857142,0.33333333333333337,Aluvial,Sawah
-7.045636878,107.7098601,2114.33,0.625,0.7142857142857142,0.33333333333333337,Aluvial,Sawah
-7.054393295,107.7075758,2112.26,0.5,0.5714285714285714,0.33333333333333337,Latosol,Tegalan/Ladang
-7.058189208,107.708628,2110.08,0.5,0.5714285714285714,0.33333333333333337,Latosol,Tegalan/Ladang
-7.065243637,107.6963447,2118.85,0.625,0.5714285714285714,0.33333333333333337,Latosol,Sawah
-7.071335057,107.6942508,2116.78,0.625,0.5714285714285714,0.33333333333333337,Latosol,Sawah
-7.051918655,107.7268018,2095.4,0.625,0.5714285714285714,0.33333333333333337,Latosol,Sawah
-7.062388284,107.7241368,2094.01,0.625,0.5714285714285714,0.33333333333333337,Latosol,Sawah
-7.069846,107.711012,2102.24,0.625,0.5714285714285714,0.33333333333333337,Latosol,Sawah
-7.070002559,107.7178551,2095.85,0.625,0.5714285714285714,0.33333333333333337,Latosol,Sawah
-7.06200757,107.7117636,2104.15,0.625,0.5714285714285714,0.33333333333333337,Latosol,Sawah
-7.064291853,107.711954,2103.22,1.0,0.5714285714285714,0.33333333333333337,Latosol,Permukiman
-7.063665,107.716746,2099.71,0.625,0.5714285714285714,0.33333333333333337,Latosol,Sawah
-7.070613,107.721844,2092.99,0.625,0.5714285714285714,0.33333333333333337,Latosol,Sawah
-7.024697622,107.674073,2179.98,1.0,0.5714285714285714,0.33333333333333337,Latosol,Permukiman
-7.020890484,107.6782608,2177.05,0.625,0.5714285714285714,0.33333333333333337,Latosol,Sawah
-7.020338,107.680783,2173.98,0.625,0.7142857142857142,0.33333333333333337,Aluvial,Sawah
-7.018606201,107.6845426,2169.02,0.625,0.7142857142857142,0.33333333333333337,Aluvial,Sawah
-7.017225001,107.689092,2159.44,0.625,0.7142857142857142,0.33333333333333337,Aluvial,Sawah
-7.009679,107.693592,2156.8,0.625,0.7142857142857142,0.33333333333333337,Aluvial,Sawah
-7.000522298,107.6898726,2166.78,0.625,0.7142857142857142,0.33333333333333337,Aluvial,Sawah
-7.000903011,107.6757862,2189.39,0.625,0.7142857142857142,0.33333333333333337,Aluvial,Sawah
-7.006233004,107.674644,2191.19,1.0,0.7142857142857142,0.33333333333333337,Aluvial,Permukiman
-7.022413339,107.6626516,2198.1,1.0,0.5714285714285714,0.33333333333333337,Latosol,Permukiman
-7.031360112,107.6590348,2190.68,0.625,0.5714285714285714,0.33333333333333337,Latosol,Sawah
-7.043139001,107.660074,2179.5,0.5,0.5714285714285714,0.33333333333333337,Latosol,Tegalan/Ladang
-7.048127,107.673082,2157.32,0.5,0.5714285714285714,0.33333333333333337,Latosol,Tegalan/Ladang
-7.050966871,107.6805451,2148.25,0.5,0.5714285714285714,0.33333333333333337,Latosol,Tegalan/Ladang
-7.064802,107.684602,2131.2,0.0,0.5714285714285714,0.33333333333333337,Latosol,Perkebunan/Kebun
-7.073604999,107.711113,2100.5,0.625,0.5714285714285714,0.33333333333333337,Latosol,Sawah
-7.063826,107.705425,2108.84,0.625,0.5714285714285714,0.33333333333333337,Latosol,Sawah
-7.057248648,107.695964,2124.42,1.0,0.5714285714285714,0.33333333333333337,Latosol,Permukiman
-7.058771503,107.6992001,2118.59,0.5,0.5714285714285714,0.33333333333333337,Latosol,Tegalan/Ladang
-7.063149711,107.6984387,2118.11,0.5,0.5714285714285714,0.33333333333333337,Latosol,Tegalan/Ladang
-7.071443,107.683172,2126.19,0.625,0.5714285714285714,0.33333333333333337,Latosol,Sawah
-7.063530425,107.6904437,2125.04,0.5,0.5714285714285714,0.33333333333333337,Latosol,Tegalan/Ladang
-7.067147206,107.6902533,2123.52,1.0,0.5714285714285714,0.33333333333333337,Latosol,Permukiman
-7.070954343,107.6902533,2120.56,0.625,0.5714285714285714,0.33333333333333337,Latosol,Sawah
-7.066766492,107.698629,2115.52,0.625,0.5714285714285714,0.33333333333333337,Latosol,Sawah
-7.072667555,107.6974869,2111.81,0.0,0.5714285714285714,0.33333333333333337,Latosol,Perkebunan/Kebun
-7.058136,107.569102,2205.23,1.0,0.5714285714285714,0.33333333333333337,Latosol,Permukiman
-7.073354595,107.5077754,2268.75,0.5,0.5714285714285714,0.33333333333333337,Latosol,Tegalan/Ladang
-7.072031,107.534009,2234.72,0.0,0.5714285714285714,0.33333333333333337,Latosol,Perkebunan/Kebun
-7.053398,107.556817,2223.44,0.625,0.5714285714285714,0.33333333333333337,Latosol,Sawah
-7.060509,107.552319,2222.97,0.625,0.5714285714285714,0.33333333333333337,Latosol,Sawah
-7.06121,107.549712,2225.92,0.625,0.5714285714285714,0.33333333333333337,Latosol,Sawah
-7.073001999,107.544986,2218.22,0.75,0.5714285714285714,0.33333333333333337,Latosol,Sawah Tadah Hujan
-7.05836399,107.5356151,2249.43,0.625,0.5714285714285714,0.33333333333333337,Latosol,Sawah
-7.049224,107.53415,2259.26,0.75,0.5714285714285714,0.33333333333333337,Latosol,Sawah Tadah Hujan
-7.037389001,107.530477,2267.2,0.625,0.5714285714285714,0.33333333333333337,Latosol,Sawah
-7.031176,107.537525,2257.42,1.0,1.0,0.33333333333333337,Clay,Permukiman
-7.036074972,107.5273748,2269.63,1.0,0.5714285714285714,0.33333333333333337,Latosol,Permukiman
-7.027040999,107.514911,2279.91,1.0,1.0,0.33333333333333337,Clay,Permukiman
-7.036286,107.507977,2284.24,0.0,1.0,0.33333333333333337,Clay,Perkebunan/Kebun
-7.010536824,107.4967109,2280.72,0.75,0.5714285714285714,0.33333333333333337,Latosol,Sawah Tadah Hujan
-7.008237,107.506258,2276.66,0.0,0.5714285714285714,0.33333333333333337,Latosol,Perkebunan/Kebun
-7.002879,107.538379,2249.88,0.625,1.0,0.33333333333333337,Clay,Sawah
-7.006668001,107.55146,2238.9,1.0,1.0,0.33333333333333337,Clay,Permukiman
-7.006887001,107.571263,2225.56,0.625,0.7142857142857142,0.33333333333333337,Aluvial,Sawah
-7.00057,107.588422,2225.57,1.0,0.7142857142857142,0.33333333333333337,Aluvial,Permukiman
-7.000209,107.594663,2227.78,0.625,0.7142857142857142,0.33333333333333337,Aluvial,Sawah
-7.002696001,107.602783,2231.19,0.625,0.7142857142857142,0.33333333333333337,Aluvial,Sawah
-7.007262,107.601677,2228.5,0.625,0.7142857142857142,0.33333333333333337,Aluvial,Sawah
-7.008752228,107.5966483,2226.89,0.625,0.7142857142857142,0.33333333333333337,Aluvial,Sawah
-7.008395309,107.5920083,2224.91,1.0,0.7142857142857142,0.33333333333333337,Aluvial,Permukiman
-7.035521165,107.5723778,2218.6,0.625,1.0,0.33333333333333337,Clay,Sawah
-7.048138999,107.590317,2201.3,1.0,0.7142857142857142,0.33333333333333337,Aluvial,Permukiman
-7.04292098,107.6030193,2205.0,0.625,0.5714285714285714,0.33333333333333337,Latosol,Sawah
-7.039928,107.640696,2197.3,0.5,0.5714285714285714,0.33333333333333337,Latosol,Tegalan/Ladang
-7.056579395,107.637337,2178.49,0.5,0.5714285714285714,0.33333333333333337,Latosol,Tegalan/Ladang
-7.061576263,107.6412632,2168.09,0.5,0.5714285714285714,0.33333333333333337,Latosol,Tegalan/Ladang
-7.064440599,107.6618161,2151.78,1.0,0.5714285714285714,0.33333333333333337,Latosol,Permukiman
-7.057650152,107.6630352,2156.97,0.5,0.5714285714285714,0.33333333333333337,Latosol,Tegalan/Ladang
-7.048712,107.659946,2172.47,0.625,0.5714285714285714,0.33333333333333337,Latosol,Sawah
-7.01232142,107.641977,2226.85,0.625,0.7142857142857142,0.33333333333333337,Aluvial,Sawah
-7.006647,107.642031,2230.69,0.25,0.7142857142857142,0.33333333333333337,Aluvial,Badan Air
-7.009550256,107.6370849,2230.76,0.625,0.5714285714285714,0.33333333333333337,Latosol,Sawah
-7.005896875,107.6341248,2235.01,1.0,0.7142857142857142,0.33333333333333337,Aluvial,Permukiman
-7.006610713,107.6273433,2236.39,0.625,0.5714285714285714,0.33333333333333337,Latosol,Sawah
-7.014106016,107.6262725,2231.32,0.25,0.5714285714285714,0.33333333333333337,Latosol,Badan Air
-7.04158879,107.6248449,2201.97,0.5,0.5714285714285714,0.33333333333333337,Latosol,Tegalan/Ladang
-7.071459001,107.625322,2162.92,0.625,0.2857142857142857,0.33333333333333337,Andosol,Sawah
-7.071885,107.571176,2182.96,0.625,0.5714285714285714,0.33333333333333337,Latosol,Sawah
-7.074782271,107.5659532,2183.43,1.0,0.5714285714285714,0.33333333333333337,Latosol,Permukiman
-7.072124,107.573478,2181.06,0.625,0.5714285714285714,0.33333333333333337,Latosol,Sawah
-7.064431616,107.5730916,2193.8,1.0,0.5714285714285714,0.33333333333333337,Latosol,Permukiman
-7.055957,107.591549,2192.58,0.625,0.5714285714285714,0.33333333333333337,Latosol,Sawah
-7.053394,107.603015,2191.48,0.625,0.5714285714285714,0.33333333333333337,Latosol,Sawah
-7.045698001,107.629653,2195.56,0.5,0.5714285714285714,0.33333333333333337,Latosol,Tegalan/Ladang
-7.029375,107.633356,2213.71,0.5,0.5714285714285714,0.33333333333333337,Latosol,Tegalan/Ladang
-7.036235003,107.6323402,2207.42,0.5,0.5714285714285714,0.33333333333333337,Latosol,Tegalan/Ladang
-7.036704,107.643867,2200.91,0.0,0.5714285714285714,0.33333333333333337,Latosol,Perkebunan/Kebun
-7.030524297,107.6416201,2209.39,0.0,0.5714285714285714,0.33333333333333337,Latosol,Perkebunan/Kebun
-7.003398441,107.6526846,2220.16,0.625,0.7142857142857142,0.33333333333333337,Aluvial,Sawah
-7.053417716,107.8290403,2027.06,0.5,0.2857142857142857,0.33333333333333337,Andosol,Tegalan/Ladang
-7.038067,107.852212,1994.47,0.5,0.2857142857142857,0.0,Andosol,Tegalan/Ladang
-7.04033068,107.8552144,1997.9,0.5,0.2857142857142857,0.0,Andosol,Tegalan/Ladang
-7.049761,107.849193,2012.95,0.5,0.2857142857142857,0.33333333333333337,Andosol,Tegalan/Ladang
-7.0574628,107.8385582,2028.51,0.5,0.2857142857142857,0.33333333333333337,Andosol,Tegalan/Ladang
-7.048144,107.864969,2010.11,0.125,0.2857142857142857,0.33333333333333337,Andosol,Hutan
-7.035809704,107.8811505,2001.5,0.5,0.2857142857142857,0.33333333333333337,Andosol,Tegalan/Ladang
-6.993574272,107.8842438,1970.64,0.125,0.2857142857142857,0.0,Andosol,Hutan
-6.998333194,107.887813,1976.32,0.0,0.5714285714285714,0.0,Latosol,Perkebunan/Kebun
-7.020462181,107.8992344,1997.86,0.5,0.5714285714285714,0.0,Latosol,Tegalan/Ladang
-7.03212154,107.8930478,2003.13,0.5,0.5714285714285714,0.33333333333333337,Latosol,Tegalan/Ladang
-6.998121,107.881985,1970.32,0.125,0.5714285714285714,0.0,Latosol,Hutan
-6.986673835,107.8775813,1962.45,0.125,0.2857142857142857,0.0,Andosol,Hutan
-6.970731446,107.8787711,1961.99,0.5,0.2857142857142857,0.0,Andosol,Tegalan/Ladang
-6.966924308,107.8840059,1969.05,0.5,0.2857142857142857,0.0,Andosol,Tegalan/Ladang
-6.964306901,107.8937617,1979.97,0.5,0.2857142857142857,0.0,Andosol,Tegalan/Ladang
-6.961451548,107.8999483,1986.16,0.125,0.2857142857142857,0.0,Andosol,Hutan
-6.973348853,107.8890027,1972.15,0.5,0.2857142857142857,0.0,Andosol,Tegalan/Ladang
-6.976188369,107.8763332,1959.34,0.125,0.2857142857142857,0.0,Andosol,Hutan
-6.972635015,107.8633046,1947.17,0.5,0.5714285714285714,0.0,Latosol,Tegalan/Ladang
-6.980935,107.84577,1930.69,1.0,0.5714285714285714,0.0,Latosol,Permukiman
-7.001902385,107.8366546,1937.38,0.5,0.5714285714285714,0.0,Latosol,Tegalan/Ladang
-7.01927245,107.8278506,1965.06,1.0,0.5714285714285714,0.0,Latosol,Permukiman
-7.018168,107.806252,1981.47,0.75,0.7142857142857142,0.0,Aluvial,Sawah Tadah Hujan
-6.986082649,107.8017299,1950.29,0.625,0.7142857142857142,0.0,Aluvial,Sawah
-6.984319,107.796635,1956.9,0.625,0.7142857142857142,0.0,Aluvial,Sawah
-7.016179151,107.7724092,2032.02,0.625,0.7142857142857142,0.33333333333333337,Aluvial,Sawah
-7.022416,107.80369,1991.72,0.75,0.7142857142857142,0.0,Aluvial,Sawah Tadah Hujan
-7.049609,107.789612,2054.66,0.625,0.5714285714285714,0.33333333333333337,Latosol,Sawah
-7.06201393,107.8191376,2045.22,0.0,0.2857142857142857,0.33333333333333337,Andosol,Perkebunan/Kebun
-7.02857639,107.8408833,1977.21,0.0,0.5714285714285714,0.0,Latosol,Perkebunan/Kebun
-7.017111,107.849737,1962.82,0.0,0.5714285714285714,0.0,Latosol,Perkebunan/Kebun
-6.954529999,107.91268,1998.31,0.0,0.2857142857142857,0.0,Andosol,Perkebunan/Kebun
-6.958834141,107.9135112,1998.99,0.125,0.2857142857142857,0.0,Andosol,Hutan
-6.966924308,107.8949514,1979.07,0.5,0.2857142857142857,0.0,Andosol,Tegalan/Ladang
-6.9701466,107.8872548,1972.7,0.5,0.2857142857142857,0.0,Andosol,Tegalan/Ladang
-6.985876,107.891013,1974.7,0.0,0.2857142857142857,0.0,Andosol,Perkebunan/Kebun
-6.991432757,107.8961411,1982.1,0.125,0.2857142857142857,0.0,Andosol,Hutan
-7.006899253,107.9001862,1992.24,0.0,0.5714285714285714,0.0,Latosol,Perkebunan/Kebun
-7.030931809,107.8870992,1997.82,0.0,0.5714285714285714,0.0,Latosol,Perkebunan/Kebun
-6.963593063,107.9020898,1987.53,0.0,0.2857142857142857,0.0,Andosol,Perkebunan/Kebun
-6.961689494,107.9137491,1998.58,0.125,0.2857142857142857,0.0,Andosol,Hutan
-6.844156018,107.7300101,2123.39,0.0,0.2857142857142857,0.33333333333333337,Andosol,Perkebunan/Kebun
-6.857362026,107.7292963,2122.41,0.0,0.2857142857142857,0.33333333333333337,Andosol,Perkebunan/Kebun
-6.8955094,107.7377291,2106.4,0.5,0.5714285714285714,0.33333333333333337,Latosol,Tegalan/Ladang
-6.87989,107.736617,2112.34,0.0,0.2857142857142857,0.33333333333333337,Andosol,Perkebunan/Kebun
-6.882233001,107.732916,2115.26,0.0,0.2857142857142857,0.33333333333333337,Andosol,Perkebunan/Kebun
-6.892707001,107.746349,2098.55,0.0,0.2857142857142857,0.33333333333333337,Andosol,Perkebunan/Kebun
-6.904832273,107.752496,2085.54,1.0,0.5714285714285714,0.33333333333333337,Latosol,Permukiman
-6.921196122,107.7473121,2085.67,0.5,0.5714285714285714,0.33333333333333337,Latosol,Tegalan/Ladang
-6.941359552,107.7498445,2068.95,1.0,0.42857142857142855,0.33333333333333337,Grumusol,Permukiman
-6.9493769,107.738033,2088.21,0.625,0.7142857142857142,0.33333333333333337,Aluvial,Sawah
-6.959309101,107.7362638,2089.65,0.625,0.7142857142857142,0.33333333333333337,Aluvial,Sawah
-6.975646945,107.7645413,2027.34,0.625,0.7142857142857142,0.33333333333333337,Aluvial,Sawah
-6.968980999,107.777145,2000.48,0.625,0.7142857142857142,,Aluvial,Sawah
-6.976929942,107.7425023,2075.41,0.625,0.7142857142857142,0.33333333333333337,Aluvial,Sawah
-7.0119574,107.7349094,2091.35,1.0,0.7142857142857142,0.33333333333333337,Aluvial,Permukiman
-7.015103,107.739173,2085.44,0.625,0.7142857142857142,0.33333333333333337,Aluvial,Sawah
-7.00771,107.751093,2064.4,0.625,0.7142857142857142,0.33333333333333337,Aluvial,Sawah
-7.006565,107.75842,2049.19,0.625,0.7142857142857142,0.33333333333333337,Aluvial,Sawah
-7.004960112,107.7656976,2037.88,1.0,0.7142857142857142,0.33333333333333337,Aluvial,Permukiman
-6.99516,107.768228,2023.31,0.625,0.7142857142857142,0.33333333333333337,Aluvial,Sawah
-6.983138944,107.7627052,2032.42,0.625,0.7142857142857142,0.33333333333333337,Aluvial,Sawah
-6.98232,107.739737,2079.33,0.625,0.7142857142857142,0.33333333333333337,Aluvial,Sawah
-6.995135,107.734586,2091.01,0.25,0.7142857142857142,0.33333333333333337,Aluvial,Badan Air
-6.997252001,107.757632,2049.37,0.625,0.7142857142857142,0.33333333333333337,Aluvial,Sawah
-6.996485,107.747664,2068.5,0.25,0.7142857142857142,0.33333333333333337,Aluvial,Badan Air
-7.012204,107.730576,2097.66,0.625,0.7142857142857142,0.33333333333333337,Aluvial,Sawah
-6.990782008,107.78695,1980.97,0.625,0.7142857142857142,0.0,Aluvial,Sawah
-7.012549,107.865234,1965.73,1.0,0.5714285714285714,0.0,Latosol,Permukiman
-6.866199,107.735934,2115.71,0.0,0.2857142857142857,0.33333333333333337,Andosol,Perkebunan/Kebun
-6.999229999,107.735083,2091.08,0.625,0.7142857142857142,0.33333333333333337,Aluvial,Sawah
-7.006523106,107.7287203,2101.28,0.625,0.7142857142857142,0.33333333333333337,Aluvial,Sawah
-7.004710149,107.7427918,2077.3,0.875,0.7142857142857142,0.33333333333333337,Aluvial,Gedung/Bangunan
-7.009152,107.751338,2065.13,0.625,0.7142857142857142,0.33333333333333337,Aluvial,Sawah
-7.013466566,107.7475507,2072.91,0.625,0.7142857142857142,0.33333333333333337,Aluvial,Sawah
-7.016131562,107.7469797,2073.48,0.625,0.7142857142857142,0.33333333333333337,Aluvial,Sawah
-7.019290327,107.7443536,2077.42,0.625,0.7142857142857142,0.33333333333333337,Aluvial,Sawah
-7.027656,107.740373,2083.97,0.25,0.7142857142857142,0.33333333333333337,Aluvial,Badan Air
-7.034215466,107.7346065,2090.97,0.625,0.7142857142857142,0.33333333333333337,Aluvial,Sawah
-7.038022603,107.7353679,2090.67,0.625,0.7142857142857142,0.33333333333333337,Aluvial,Sawah
-7.039355101,107.7368907,2088.56,0.625,0.7142857142857142,0.33333333333333337,Aluvial,Sawah
-7.031478001,107.747671,2077.85,0.25,0.7142857142857142,0.33333333333333337,Aluvial,Badan Air
-7.025079,107.751881,2068.89,0.625,0.7142857142857142,0.33333333333333337,Aluvial,Sawah
-7.01817853,107.7641806,2047.05,0.625,0.7142857142857142,0.33333333333333337,Aluvial,Sawah
-7.014799064,107.76849,2036.96,0.625,0.7142857142857142,0.33333333333333337,Aluvial,Sawah
-7.024697622,107.7688707,2046.42,1.0,0.7142857142857142,0.33333333333333337,Aluvial,Permukiman
-7.032495999,107.762395,2060.73,0.625,0.7142857142857142,0.33333333333333337,Aluvial,Sawah
-7.034346001,107.750121,2074.28,0.25,0.7142857142857142,0.33333333333333337,Aluvial,Badan Air
-7.011196,107.757807,2052.61,0.625,0.7142857142857142,0.33333333333333337,Aluvial,Sawah
-7.017623,107.758005,2056.31,0.625,0.7142857142857142,0.33333333333333337,Aluvial,Sawah
-6.989481599,107.7399365,2079.48,0.625,0.7142857142857142,0.33333333333333337,Aluvial,Sawah
-6.986626245,107.7439339,2071.32,0.625,0.7142857142857142,0.33333333333333337,Aluvial,Sawah
-6.986626245,107.7574493,2046.07,0.625,0.7142857142857142,0.33333333333333337,Aluvial,Sawah
-6.969113412,107.7743911,2005.06,0.625,0.7142857142857142,0.33333333333333337,Aluvial,Sawah
-6.961879851,107.7761043,2003.73,0.625,0.7142857142857142,0.33333333333333337,Aluvial,Sawah
-6.965278,107.771543,2015.45,1.0,0.7142857142857142,0.33333333333333337,Aluvial,Permukiman
-6.966258059,107.7671575,2024.57,0.625,0.7142857142857142,0.33333333333333337,Aluvial,Sawah
-6.964306,107.763629,2034.26,0.625,0.7142857142857142,0.33333333333333337,Aluvial,Sawah
-6.966567,107.762928,2033.1,0.625,0.7142857142857142,0.33333333333333337,Aluvial,Sawah
-6.9727378,107.7494032,2063.13,0.625,0.7142857142857142,0.33333333333333337,Aluvial,Sawah
-6.968161628,107.7479314,2063.95,0.625,0.7142857142857142,0.33333333333333337,Aluvial,Sawah
-6.967590557,107.7384136,2084.46,0.625,0.7142857142857142,0.33333333333333337,Aluvial,Sawah
-6.968484001,107.735685,2088.14,0.625,0.7142857142857142,0.33333333333333337,Aluvial,Sawah
-6.976918045,107.7275633,2102.78,0.625,0.7142857142857142,0.33333333333333337,Aluvial,Sawah
-6.970601636,107.7278934,2103.19,0.0,0.7142857142857142,0.33333333333333337,Aluvial,Perkebunan/Kebun
-6.977108401,107.7304186,2099.02,0.625,0.7142857142857142,0.33333333333333337,Aluvial,Sawah
-7.025962,107.749999,2071.37,0.625,0.7142857142857142,0.33333333333333337,Aluvial,Sawah
-7.030086,107.742913,2081.88,0.25,0.7142857142857142,0.33333333333333337,Aluvial,Badan Air
-7.067908633,107.7288958,2089.66,0.625,0.5714285714285714,0.33333333333333337,Latosol,Sawah
-7.059653,107.73071,2090.26,0.625,0.5714285714285714,0.33333333333333337,Latosol,Sawah
-7.058200432,107.7378425,2085.63,0.0,0.5714285714285714,0.33333333333333337,Latosol,Perkebunan/Kebun
-7.05005,107.740981,2084.89,1.0,0.7142857142857142,0.33333333333333337,Aluvial,Permukiman
-7.048013,107.744274,2082.11,1.0,0.7142857142857142,0.33333333333333337,Aluvial,Permukiman
-7.04373331,107.7399365,2084.94,0.625,0.7142857142857142,0.33333333333333337,Aluvial,Sawah
-7.049499001,107.755927,2075.22,0.25,0.7142857142857142,0.33333333333333337,Aluvial,Badan Air
-7.054161999,107.751764,2078.32,1.0,0.7142857142857142,0.33333333333333337,Aluvial,Permukiman
-7.034215466,107.7595432,2066.25,0.625,0.7142857142857142,0.33333333333333337,Aluvial,Sawah
-7.0419,107.7471749,2079.91,0.625,0.7142857142857142,0.33333333333333337,Aluvial,Sawah
-7.040402478,107.7558877,2071.21,1.0,0.7142857142857142,0.33333333333333337,Aluvial,Permukiman
-7.043869,107.757622,2072.96,1.0,0.7142857142857142,0.33333333333333337,Aluvial,Permukiman
-7.053031,107.759569,2074.87,0.25,0.7142857142857142,0.33333333333333337,Aluvial,Badan Air
-7.063355,107.752204,2079.54,0.625,0.7142857142857142,0.33333333333333337,Aluvial,Sawah
-7.049953,107.769705,2068.56,0.625,0.7142857142857142,0.33333333333333337,Aluvial,Sawah
-7.041193,107.767441,2062.84,1.0,0.7142857142857142,0.33333333333333337,Aluvial,Permukiman
-7.037283,107.764861,2063.11,0.625,0.7142857142857142,0.33333333333333337,Aluvial,Sawah
-7.063145,107.727899,2091.14,0.625,0.5714285714285714,0.33333333333333337,Latosol,Sawah
-7.07057363,107.781815,2074.81,0.0,0.5714285714285714,0.33333333333333337,Latosol,Perkebunan/Kebun
-7.066958633,107.7825498,2072.15,0.625,0.5714285714285714,0.33333333333333337,Latosol,Sawah
-7.072096485,107.7922846,2071.28,1.0,0.5714285714285714,0.33333333333333337,Latosol,Permukiman
-7.07539,107.822989,2055.09,0.5,0.2857142857142857,0.33333333333333337,Andosol,Tegalan/Ladang
-7.073711514,107.8086582,2063.84,0.75,0.2857142857142857,0.33333333333333337,Andosol,Sawah Tadah Hujan
-7.073354595,107.8025906,2066.03,0.75,0.2857142857142857,0.33333333333333337,Andosol,Sawah Tadah Hujan
-7.059890001,107.806538,2052.06,0.75,0.5714285714285714,0.33333333333333337,Latosol,Sawah Tadah Hujan
-7.054080961,107.8332857,2024.72,0.5,0.2857142857142857,0.33333333333333337,Andosol,Tegalan/Ladang
-7.044668451,107.8391626,2005.8,0.5,0.2857142857142857,0.33333333333333337,Andosol,Tegalan/Ladang
-7.030881216,107.8339995,1982.03,0.5,0.5714285714285714,0.0,Latosol,Tegalan/Ladang
-7.027225,107.82541,1981.59,0.0,0.5714285714285714,0.0,Latosol,Perkebunan/Kebun
-7.025527428,107.8172243,1983.43,0.0,0.5714285714285714,0.0,Latosol,Perkebunan/Kebun
-7.000328,107.819582,1938.42,0.625,0.7142857142857142,0.0,Aluvial,Sawah
-7.01067645,107.8214576,1950.67,0.0,0.5714285714285714,0.0,Latosol,Perkebunan/Kebun
-7.01167,107.816813,1956.94,0.625,0.7142857142857142,0.0,Aluvial,Sawah
-7.00578,107.806306,1958.78,0.625,0.7142857142857142,0.0,Aluvial,Sawah
-7.001037,107.8019,1962.75,0.625,0.7142857142857142,0.0,Aluvial,Sawah
-7.003964001,107.776166,2012.25,1.0,0.7142857142857142,0.33333333333333337,Aluvial,Permukiman
-7.000282,107.785776,1991.64,0.0,0.7142857142857142,0.0,Aluvial,Perkebunan/Kebun
-6.994856001,107.8023,1953.11,1.0,0.7142857142857142,0.0,Aluvial,Permukiman
-6.997339545,107.8023715,1955.01,0.625,0.7142857142857142,0.0,Aluvial,Sawah
-6.986031,107.809557,1938.35,0.0,0.7142857142857142,0.0,Aluvial,Perkebunan/Kebun
-6.989559,107.825537,1927.58,1.0,0.7142857142857142,0.0,Aluvial,Permukiman
-6.994879,107.821264,1933.26,0.625,0.7142857142857142,0.0,Aluvial,Sawah
-6.975009,107.820509,1927.94,0.625,0.7142857142857142,0.0,Aluvial,Sawah
-6.986464,107.827912,1925.7,1.0,0.7142857142857142,0.0,Aluvial,Permukiman
-6.990763999,107.838375,1929.27,0.75,0.5714285714285714,0.0,Latosol,Sawah Tadah Hujan
-6.994201,107.850802,1938.93,1.0,0.5714285714285714,0.0,Latosol,Permukiman
-6.998677814,107.9073324,1993.28,0.0,0.2857142857142857,0.0,Andosol,Perkebunan/Kebun
-7.000596,107.894477,1983.01,0.0,0.5714285714285714,0.0,Latosol,Perkebunan/Kebun
-7.004826118,107.888965,1979.32,0.0,0.5714285714285714,0.0,Latosol,Perkebunan/Kebun
-7.023385914,107.8900358,1995.14,0.5,0.5714285714285714,0.0,Latosol,Tegalan/Ladang
-7.034807326,107.9007434,2009.28,0.5,0.5714285714285714,0.33333333333333337,Latosol,Tegalan/Ladang
-7.03730576,107.9050264,2014.36,0.5,0.5714285714285714,0.33333333333333337,Latosol,Tegalan/Ladang
-7.043373386,107.8721898,2006.48,0.5,0.2857142857142857,0.33333333333333337,Andosol,Tegalan/Ladang
-7.028861,107.883928,1994.73,0.5,0.5714285714285714,0.0,Latosol,Tegalan/Ladang
-7.0000715,107.8636429,1953.56,0.0,0.5714285714285714,0.0,Latosol,Perkebunan/Kebun
-6.990906271,107.8693345,1955.23,0.0,0.5714285714285714,0.0,Latosol,Perkebunan/Kebun
-7.007345,107.856458,1953.76,0.75,0.5714285714285714,0.0,Latosol,Sawah Tadah Hujan
-6.990423,107.861429,1946.26,0.5,0.5714285714285714,0.0,Latosol,Tegalan/Ladang
-6.996260058,107.8689776,1957.06,0.0,0.5714285714285714,0.0,Latosol,Perkebunan/Kebun
-7.015479,107.88778,1987.3,0.75,0.5714285714285714,0.0,Latosol,Sawah Tadah Hujan
-7.045157982,107.9035987,2018.71,0.5,0.5714285714285714,0.33333333333333337,Latosol,Tegalan/Ladang
-7.049817,107.911276,2025.4,0.0,0.5714285714285714,0.33333333333333337,Latosol,Perkebunan/Kebun
-7.046242,107.913448,2024.47,0.0,0.5714285714285714,0.33333333333333337,Latosol,Perkebunan/Kebun
-7.045157982,107.8953896,2015.22,0.5,0.5714285714285714,0.33333333333333337,Latosol,Tegalan/Ladang
-7.025701,107.875738,1987.72,0.0,0.5714285714285714,0.0,Latosol,Perkebunan/Kebun
-7.017506,107.871521,1976.55,1.0,0.5714285714285714,0.0,Latosol,Permukiman
-7.000543088,107.8729037,1961.36,0.5,0.5714285714285714,0.0,Latosol,Tegalan/Ladang
-6.980922,107.876748,1959.31,0.125,0.2857142857142857,0.0,Andosol,Hutan
-6.98269713,107.8575562,1940.84,0.0,0.5714285714285714,0.0,Latosol,Perkebunan/Kebun
-7.001399,107.840955,1938.82,0.75,0.5714285714285714,0.0,Latosol,Sawah Tadah Hujan
-6.997973001,107.835748,1932.98,0.75,0.5714285714285714,0.0,Latosol,Sawah Tadah Hujan
-7.033127,107.854057,1985.42,0.5,0.2857142857142857,0.0,Andosol,Tegalan/Ladang
-7.047656416,107.8265042,2019.89,0.5,0.2857142857142857,0.33333333333333337,Andosol,Tegalan/Ladang
-6.84026,107.7034,2134.19,0.0,0.2857142857142857,0.33333333333333337,Andosol,Perkebunan/Kebun
-6.842104,107.680401,2138.27,0.0,0.2857142857142857,0.33333333333333337,Andosol,Perkebunan/Kebun
-6.832020767,107.7296532,2125.14,0.0,0.2857142857142857,0.33333333333333337,Andosol,Perkebunan/Kebun
-6.837017635,107.7292963,2125.5,0.0,0.2857142857142857,0.33333333333333337,Andosol,Perkebunan/Kebun
